source,source_product_id,source_sku,name,price,currency,image_url,description,detail,product_url,category_path,scraped_at,raw
hyperone,230996,2030300009715,Tornado Split Air Conditioner - 2.25HP - Cooling Only - Super Jet Function - White - TH-C18BEE,34065.001201,EGP,https://mcprod.hyperone.com.eg/media/catalog/product/cache/8d4e6327d79fd11192282459179cc69e/2/0/2030300009715.jpg,,,https://www.hyperone.com.eg/en/th-c18bee-2-25-2030300009715,Cooling,2026-06-09T14:21:59.795121+00:00,"{""uid"": ""MjMwOTk2""}"
hyperone,231002,2030300010858,Tornado Split Air Conditioner - 3 HP - Cooling & Heating - Jet Function - White - TY-C24BEE,42984.999601,EGP,https://mcprod.hyperone.com.eg/media/catalog/product/cache/8d4e6327d79fd11192282459179cc69e/2/0/2030300010858.jpg,,,https://www.hyperone.com.eg/en/ty-c24bee-3-2030300010858,Cooling & Heating,2026-06-09T14:21:59.795188+00:00,"{""uid"": ""MjMxMDAy""}"
hyperone,258524,2030300013330,Sharp Split Air Conditioner - 4HP - Cooling & Heating - Inverter Technology - White - AY-X30ZHT,85230.002401,EGP,https://mcprod.hyperone.com.eg/media/catalog/product/cache/8d4e6327d79fd11192282459179cc69e/2/0/2030300013330.jpg,,,https://www.hyperone.com.eg/en/ay-x30zht-4-2030300013330,Cooling & Heating,2026-06-09T14:21:59.795224+00:00,"{""uid"": ""MjU4NTI0""}"
hyperone,258521,2030300013248,Tornado Split Air Conditioner - 3HP - Cooling & Heating - Inverter Technology - White - TY-VX24BEE,52529.991601,EGP,https://mcprod.hyperone.com.eg/media/catalog/product/cache/8d4e6327d79fd11192282459179cc69e/2/0/2030300013248.jpg,,,https://www.hyperone.com.eg/en/ty-vx24bee-3-2030300013248,Cooling & Heating,2026-06-09T14:21:59.795289+00:00,"{""uid"": ""MjU4NTIx""}"
hyperone,248990,2030300011206,Tornado Split Air Conditioner - 1.5 HP - Cooling & Heating - Inverter Technology - White - TY-VX12BEE,31799.000401,EGP,https://mcprod.hyperone.com.eg/media/catalog/product/cache/8d4e6327d79fd11192282459179cc69e/2/0/2030300011206.jpg,,,https://www.hyperone.com.eg/en/ty-vx12bee-1-5-2030300011206,Cooling & Heating,2026-06-09T14:21:59.795331+00:00,"{""uid"": ""MjQ4OTkw""}"
hyperone,255770,2030300013200,Sharp Split Air Conditioner - 2.25 HP - Cooling & Heating - Plasma Cluster Technology - White - AY-XP18BHE,56250.005401,EGP,https://mcprod.hyperone.com.eg/media/catalog/product/cache/8d4e6327d79fd11192282459179cc69e/2/0/2030300013200.jpg,,,https://www.hyperone.com.eg/en/ay-xp18bhe-2-25-2030300013200,Cooling & Heating,2026-06-09T14:21:59.795387+00:00,"{""uid"": ""MjU1Nzcw""}"
hyperone,255767,2030300013187,Sharp Split Air Conditioner - 2.25 HP - Cooling Only - Plasmacluster Technology - White - AH-XP18BME,50100.001801,EGP,https://mcprod.hyperone.com.eg/media/catalog/product/cache/8d4e6327d79fd11192282459179cc69e/2/0/2030300013187a.jpg,,,https://www.hyperone.com.eg/en/ah-xp18bme-2-25-2030300013187,Cooling,2026-06-09T14:21:59.795430+00:00,"{""uid"": ""MjU1NzY3""}"
hyperone,230993,2030300009708,Tornado Split Air Conditioner - 1.5 HP - Cooling Only - Super Jet Function - White - TH-C12BEE,23139.993601,EGP,https://mcprod.hyperone.com.eg/media/catalog/product/cache/8d4e6327d79fd11192282459179cc69e/2/0/2030300009708fy.jpg,,,https://www.hyperone.com.eg/en/th-c12bee-1-5-2030300009708,Cooling,2026-06-09T14:21:59.795462+00:00,"{""uid"": ""MjMwOTkz""}"
hyperone,248999,2030300009197,Sharp Split Air Conditioner - 2.25HP - Cooling Only - Powerful Jet - Standard - White - AH-A18ZSE,36254.986801,EGP,https://mcprod.hyperone.com.eg/media/catalog/product/cache/8d4e6327d79fd11192282459179cc69e/2/0/2030300009197a.jpg,,,https://www.hyperone.com.eg/en/ah-a18zse-2-25-2030300009197,Cooling,2026-06-09T14:21:59.795491+00:00,"{""uid"": ""MjQ4OTk5""}"
hyperone,229388,2030300009432,Sharp Split Air Conditioner - 3HP - Cooling & Heating - Powerful Jet Mode - Standard - White - AY-A24ZSE,46595.003401,EGP,https://mcprod.hyperone.com.eg/media/catalog/product/cache/8d4e6327d79fd11192282459179cc69e/2/0/2030300009432.jpg,,,https://www.hyperone.com.eg/en/ay-a24zse-3-2030300009432,Cooling & Heating,2026-06-09T14:21:59.795523+00:00,"{""uid"": ""MjI5Mzg4""}"
hyperone,229418,2030300009425,Sharp Split Air Conditioner - 3 HP - Cooling & Heating - Plasma Cluster technology - White - AY-AP24ZHE,48904.996801,EGP,https://mcprod.hyperone.com.eg/media/catalog/product/cache/8d4e6327d79fd11192282459179cc69e/2/0/2030300009425s.jpg,,,https://www.hyperone.com.eg/en/ay-ap24zhe-3-2030300009425,Cooling & Heating,2026-06-09T14:21:59.795555+00:00,"{""uid"": ""MjI5NDE4""}"
hyperone,229415,2030300009418,Tornado Split Air Conditioner - 3 HP - Cooling Only - Super Jet Function - White - TH-C24ZEE,40450.004401,EGP,https://mcprod.hyperone.com.eg/media/catalog/product/cache/8d4e6327d79fd11192282459179cc69e/2/0/2030300009418s.jpg,,,https://www.hyperone.com.eg/en/th-c24zee-3-2030300009418,Cooling,2026-06-09T14:21:59.795584+00:00,"{""uid"": ""MjI5NDE1""}"
hyperone,223281,2030300007117,Sharp Split Air Conditioner - Cooling Only - 1.5HP - Plasma Cluster Technology - White - AH-AP12ZHE,28274.998201,EGP,https://mcprod.hyperone.com.eg/media/catalog/product/cache/8d4e6327d79fd11192282459179cc69e/2/0/2030300007117.jpg,"ECO Mode :- The Air Conditioner will operate with lower power consumption than usual in this mode Plasmacluster ion ( High Density ) : Sharp’s unique Plasmacluster technology uses the actions of positive and negative ions to clean up bacteria and viruses inside rooms 4 Way auto swing : Louvers can move up and down, left and right automatically",,https://www.hyperone.com.eg/en/ah-ap12zhe-1-5-2030300007117,Cooling,2026-06-09T14:21:59.796564+00:00,"{""uid"": ""MjIzMjgx""}"
hyperone,211685,2030300007100,Sharp Split Air Conditioner - 1.5 HP - Cooling Only - Powerful Jet - Standard - White - AH-A12ZSE,25934.988601,EGP,https://mcprod.hyperone.com.eg/media/catalog/product/cache/8d4e6327d79fd11192282459179cc69e/2/0/2030300007100_3-.jpg,,,https://www.hyperone.com.eg/en/ah-a12zse-1-5-2030300007100,Cooling,2026-06-09T14:21:59.796612+00:00,"{""uid"": ""MjExNjg1""}"
hyperone,95469,2030300005939,Sharp Split Air Conditioner - 3 HP - Cooling & Heating - Inverter - Plasma Cluster Technology - Silver - AY-XP24UHE,58459.998001,EGP,https://mcprod.hyperone.com.eg/media/catalog/product/cache/8d4e6327d79fd11192282459179cc69e/2/0/2030300005939.jpg,,,https://www.hyperone.com.eg/en/ay-xp24uhe-3-2030300005939,Cooling & Heating,2026-06-09T14:21:59.796647+00:00,"{""uid"": ""OTU0Njk=""}"
hyperone,95466,2030300005922,Sharp Split Air Conditioner - 3 HP - Cooling Only - Inverter - Plasma Cluster Technology - Silver - AH-XP24UHE,55320.004801,EGP,https://mcprod.hyperone.com.eg/media/catalog/product/cache/8d4e6327d79fd11192282459179cc69e/2/0/2030300005922-.jpg,,,https://www.hyperone.com.eg/en/ahxp24uhe-3-2030300005922,Cooling,2026-06-09T14:21:59.796677+00:00,"{""uid"": ""OTU0NjY=""}"
hyperone,95460,2030300005908,Sharp Split Air Conditioner - 2.25 HP - Cooling & Heating - Inverter Technology - Red - AY-XP18YHER,56830.003201,EGP,https://mcprod.hyperone.com.eg/media/catalog/product/cache/8d4e6327d79fd11192282459179cc69e/2/0/2030300005908.jpg,"Self Clean Function With Plasmacluster 4 Way auto Swing : Louvers can move up and down, left and right automatically My Area Function AIOT feature to control the Air Conditioner via Wi-Fi through SHARP Air Control application Indoor Unit : Thailand Outdoor Unit : Egypt",,https://www.hyperone.com.eg/en/ayxp18yher-2-25-2030300005908,Cooling & Heating,2026-06-09T14:21:59.797017+00:00,"{""uid"": ""OTU0NjA=""}"
hyperone,95451,2030300005878,Sharp Split Air Conditioner - 2.25 HP- Cooling & Heating - Digital Plasmacluster Inverter - Silver - AY-XP18UHE,53400.005401,EGP,https://mcprod.hyperone.com.eg/media/catalog/product/cache/8d4e6327d79fd11192282459179cc69e/2/0/2030300005878.jpg,Inverter Technology : Advanced Technology Contribute To Reduce Costs and Energy Consumption By Switching the compressor Between High and Low Operation Modes Instead Of Switching It On and Off. Eco Mode :The air conditioner will operate with lower power consumption than usual in this mode with 2 steps by remote control. Plasmacluster Ion : Sharp’s unique Plasmacluster technology uses the actions of positive and negative ions to clean up bacteria and viruses inside rooms. Super jet function : The air conditioner works at maximum power to make the room cool rapidly. Gentle Cool Air : Delivers gentle cool air up through ceiling than down through the floor,,https://www.hyperone.com.eg/en/ayxp18uhe-2-25-2030300005878,Cooling & Heating,2026-06-09T14:21:59.798585+00:00,"{""uid"": ""OTU0NTE=""}"
hyperone,95448,2030300005861,Sharp Split Air Conditioner - 2.25 HP - Cooling Only - Inverter & Plasmacluster Technology - Silver - AH-XP18UHE,50094.997201,EGP,https://mcprod.hyperone.com.eg/media/catalog/product/cache/8d4e6327d79fd11192282459179cc69e/a/y/ay-xp18uhe_-2030300005861.jpg,,,https://www.hyperone.com.eg/en/ahxp18uhe-2-25-2030300005861,Cooling,2026-06-09T14:21:59.798642+00:00,"{""uid"": ""OTU0NDg=""}"
hyperone,257804,2030300013255,Tornado Split Air Conditioner - 1.5HP - Cooling Only - Plasma Shield Technology - White - TH-H12BEE,24719.999401,EGP,https://mcprod.hyperone.com.eg/media/catalog/product/cache/8d4e6327d79fd11192282459179cc69e/2/0/2030300013255.jpg,,,https://www.hyperone.com.eg/en/th-h12bee-1-5-2030300013255,Cooling,2026-06-09T14:21:59.798677+00:00,"{""uid"": ""MjU3ODA0""}"
hyperone,254390,2030500013307,Samsung Galaxy A17 Mobile Phone - 8GB RAM - 256GB Storage Capacity - Dual SIM - Grey,12499.005601,EGP,https://mcprod.hyperone.com.eg/media/catalog/product/cache/8d4e6327d79fd11192282459179cc69e/2/0/2030500013307_1.jpg,,,https://www.hyperone.com.eg/en/mobile-samsung-a17-8-256gb-mti-2030500013307,Mobile Phones & Tablets,2026-06-09T14:22:01.148794+00:00,"{""uid"": ""MjU0Mzkw""}"
hyperone,257141,Samsung Galaxy A07 Mobile Phone - Dual SIM,Samsung Galaxy A07 Mobile Phone - Dual SIM,9199.002001,EGP,https://mcprod.hyperone.com.eg/media/catalog/product/cache/8d4e6327d79fd11192282459179cc69e/8/8/8806097853732_1_.png,,,https://www.hyperone.com.eg/en/samsung-galaxy-a07-mobile-phone-dual-sim,Mobile Phones & Tablets,2026-06-09T14:22:01.148872+00:00,"{""uid"": ""MjU3MTQx""}"
hyperone,245198,2030500013314,Samsung Galaxy A17 Mobile Phone - 6GB RAM - 128GB Storage Capacity - Dual SIM - Black,9898.996201,EGP,https://mcprod.hyperone.com.eg/media/catalog/product/cache/8d4e6327d79fd11192282459179cc69e/2/0/2030500013314.jpg,SIM Card : Dual SIM RAM: 6GB Storage Capacity: 128GB Size: 6.7 Inch,,https://www.hyperone.com.eg/en/mobile-samsung-a17-6-128gb-mti-2030500013314,Mobile Phones & Tablets,2026-06-09T14:22:01.150319+00:00,"{""uid"": ""MjQ1MTk4""}"
hyperone,247058,2030500013321,Samsung A17 Mobile Phone - 4GB RAM - 128GB Storage Capacity - Dual SIM - Gray,8898.999601,EGP,https://mcprod.hyperone.com.eg/media/catalog/product/cache/8d4e6327d79fd11192282459179cc69e/2/0/2030500013321.jpg,"Screen: 6.7"" Super AMOLED Operating System: Android 15 RAM: 4GB Storage: 128GB Type: Full HD+",,https://www.hyperone.com.eg/en/mobile-samsung-a17-4-128gb-mti-2030500013321,Mobile Phones & Tablets,2026-06-09T14:22:01.151556+00:00,"{""uid"": ""MjQ3MDU4""}"
hyperone,245408,2030500014359,Samsung Galaxy A07 Mobile Phone - 4GB RAM - 128GB Storage Capacity - Dual SIM - Black,6899.998201,EGP,https://mcprod.hyperone.com.eg/media/catalog/product/cache/8d4e6327d79fd11192282459179cc69e/2/0/2030500014359.jpg,"Display Type PLS LCD Size 6.7 inches OS Android Internal Memory 4GB/128GB Main Camera Dual 50 MP,2 MP Selfie camera Single 8 MP Sensors Fingerprint Battery Capacity Type 5000 mAh",,https://www.hyperone.com.eg/en/mobile-samsung-galaxy-a07-4-128gb-q-2030500014359,Mobile Phones & Tablets,2026-06-09T14:22:01.152269+00:00,"{""uid"": ""MjQ1NDA4""}"
hyperone,232013,2030500017336,Samsung Galaxy A56 5G Mobile Phone - 8GB RAM - 256GB Storage Capacity - Dual SIM - Awesome Graphite,26000.002801,EGP,https://mcprod.hyperone.com.eg/media/catalog/product/cache/8d4e6327d79fd11192282459179cc69e/2/0/2030500017336_1.jpg,,,https://www.hyperone.com.eg/en/mobile-samsung-a56-8-256gb-qan-2030500017336,Mobile Phones & Tablets,2026-06-09T14:22:01.152328+00:00,"{""uid"": ""MjMyMDEz""}"
hyperone,257156,Samsung Galaxy A36 5G Mobile Phone - 8GB RAM - Dual SIM - White,Samsung Galaxy A36 5G Mobile Phone - 8GB RAM - Dual SIM - White,16499.003401,EGP,https://mcprod.hyperone.com.eg/media/catalog/product/cache/8d4e6327d79fd11192282459179cc69e/2/0/2030500015004.png,,,https://www.hyperone.com.eg/en/samsung-galaxy-a36-5g-mobile-phone-8gb-ram-dual-sim-white,Mobile Phones & Tablets,2026-06-09T14:22:01.152365+00:00,"{""uid"": ""MjU3MTU2""}"
hyperone,257153,Samsung Galaxy A26 5G Mobile Phone - Dual SIM - White,Samsung Galaxy A26 5G Mobile Phone - Dual SIM - White,14799.001201,EGP,https://mcprod.hyperone.com.eg/media/catalog/product/cache/8d4e6327d79fd11192282459179cc69e/2/0/2030500015240_1.png,,,https://www.hyperone.com.eg/en/samsung-galaxy-a26-5g-mobile-phone-6gb-ram-dual-sim-white,Mobile Phones & Tablets,2026-06-09T14:22:01.152398+00:00,"{""uid"": ""MjU3MTUz""}"
hyperone,257150,Samsung Galaxy A56 5G Mobile Phone - Dual SIM,Samsung Galaxy A56 5G Mobile Phone - Dual SIM,24999.003001,EGP,https://mcprod.hyperone.com.eg/media/catalog/product/cache/8d4e6327d79fd11192282459179cc69e/2/0/2030500014816.png,,,https://www.hyperone.com.eg/en/samsung-galaxy-a56-5g-mobile-phone-dual-sim,Mobile Phones & Tablets,2026-06-09T14:22:01.152431+00:00,"{""uid"": ""MjU3MTUw""}"
hyperone,257147,Samsung Galaxy A56 Mobile Phone - Dual SIM,Samsung Galaxy A56 Mobile Phone - Dual SIM,20399.000401,EGP,https://mcprod.hyperone.com.eg/media/catalog/product/cache/8d4e6327d79fd11192282459179cc69e/2/0/2030500017336.png,,,https://www.hyperone.com.eg/en/samsung-galaxy-a56-mobile-phone-dual-sim,Mobile Phones & Tablets,2026-06-09T14:22:01.152530+00:00,"{""uid"": ""MjU3MTQ3""}"
hyperone,101217,6224008985334,Top Value Premium Egyptian Camolino Rice - 1K,27.95,EGP,https://mcprod.hyperone.com.eg/media/catalog/product/cache/8d4e6327d79fd11192282459179cc69e/6/2/6224008985334____.jpg,Top Value Premium Egyptian Camolino Rice - 1K,,https://www.hyperone.com.eg/en/1-6224008985334,Salted Grocery,2026-06-09T14:22:02.832310+00:00,"{""uid"": ""MTAxMjE3""}"
hyperone,25926,6224008985242,Top Value Egyptian Rice - 1k,35.95,EGP,https://mcprod.hyperone.com.eg/media/catalog/product/cache/8d4e6327d79fd11192282459179cc69e/6/2/6224008985242-7.png,Top Value Egyptian Rice - 1k,,https://www.hyperone.com.eg/en/1-6224008985242,Salted Grocery,2026-06-09T14:22:02.832683+00:00,"{""uid"": ""MjU5MjY=""}"
hyperone,85235,6224008985341,Top Value Egyptian Rice - 5k,139.95,EGP,https://mcprod.hyperone.com.eg/media/catalog/product/cache/8d4e6327d79fd11192282459179cc69e/r/i/rice_top_valu.jpg,Top Value Egyptian Rice - 5k,,https://www.hyperone.com.eg/en/5-6224008985341,Salted Grocery,2026-06-09T14:22:02.832864+00:00,"{""uid"": ""ODUyMzU=""}"
hyperone,101214,6224008985259,Top Value Egyptian Rice - 5k,169.95,EGP,https://mcprod.hyperone.com.eg/media/catalog/product/cache/8d4e6327d79fd11192282459179cc69e/6/2/6224008985259-5k-n23.jpg,"How to cook: Wash the rice well and soak as desired Put a cup and a quarter of water and a teaspoon of salt in a pot with a capacity of at least 1.8 Put the pot on the stove and boil the water, then add a tablespoon of butter or oil as desired, mix with a cup of rice and stir the mixture. Cover the pot, reduce the heat, and leave it for a period between (17-20 minutes) without boiling until the rice becomes easy to chew after absorbing the amount of water.",,https://www.hyperone.com.eg/en/5-6224008985259,Salted Grocery,2026-06-09T14:22:02.833225+00:00,"{""uid"": ""MTAxMjE0""}"
hyperone,101211,6224008985235,Top Value Egyptian Rice - 10k,340,EGP,https://mcprod.hyperone.com.eg/media/catalog/product/cache/8d4e6327d79fd11192282459179cc69e/6/2/6224008985235-10k-n23.jpg,Top Value Egyptian Rice - 10k,,https://www.hyperone.com.eg/en/10-6224008985235,Salted Grocery,2026-06-09T14:22:02.833469+00:00,"{""uid"": ""MTAxMjEx""}"
hyperone,231125,6224008982296,Top Value Rice - 10K,340,EGP,https://mcprod.hyperone.com.eg/media/catalog/product/cache/8d4e6327d79fd11192282459179cc69e/6/2/6224008982296a10k.jpg,Top Value Rice - 10K,,https://www.hyperone.com.eg/en/10-6224008982296,Salted Grocery,2026-06-09T14:22:02.833788+00:00,"{""uid"": ""MjMxMTI1""}"
hyperone,64481,6224010050037,Alaraf White Rice - 1K,27,EGP,https://mcprod.hyperone.com.eg/media/catalog/product/cache/8d4e6327d79fd11192282459179cc69e/g/r/group_2_2_1.jpg,Alaraf White Rice - 1K,,https://www.hyperone.com.eg/en/1-6224010050037,Salted Grocery,2026-06-09T14:22:02.834816+00:00,"{""uid"": ""NjQ0ODE=""}"
hyperone,88841,6223000660010,Al Doha Egyptian Rice - 1k,40.95,EGP,https://mcprod.hyperone.com.eg/media/catalog/product/cache/8d4e6327d79fd11192282459179cc69e/6/2/6223000660010.png,Al Doha Egyptian Rice - 1k,,https://www.hyperone.com.eg/en/1-6223000660010,Salted Grocery,2026-06-09T14:22:02.835134+00:00,"{""uid"": ""ODg4NDE=""}"
hyperone,184127,6223000660027,Al Doha Egyptian Rice - 5K,197.95,EGP,https://mcprod.hyperone.com.eg/media/catalog/product/cache/8d4e6327d79fd11192282459179cc69e/6/2/6223000660027_5_k.jpg,Al Doha Egyptian Rice - 5K,,https://www.hyperone.com.eg/en/5-6223000660027,Salted Grocery,2026-06-09T14:22:02.835503+00:00,"{""uid"": ""MTg0MTI3""}"
hyperone,232514,6224000059026,Zamzam Egyptian White Rice - 5K,171,EGP,https://mcprod.hyperone.com.eg/media/catalog/product/cache/8d4e6327d79fd11192282459179cc69e/6/2/6224000059026k.png,,,https://www.hyperone.com.eg/en/5-6224000059026,Salted Grocery,2026-06-09T14:22:02.835548+00:00,"{""uid"": ""MjMyNTE0""}"
hyperone,232511,6224000059002,Zamzam Egyptian White Rice - 1K,36.95,EGP,https://mcprod.hyperone.com.eg/media/catalog/product/cache/8d4e6327d79fd11192282459179cc69e/6/2/6224000059002_.png,Zamzam Egyptian White Rice - 1K,,https://www.hyperone.com.eg/en/1-6224000059002,Salted Grocery,2026-06-09T14:22:02.835783+00:00,"{""uid"": ""MjMyNTEx""}"
hyperone,68861,6222172010111,Alajamy Rice - 1K,37.5,EGP,https://mcprod.hyperone.com.eg/media/catalog/product/cache/8d4e6327d79fd11192282459179cc69e/6/2/6222172010111f1kk.jpg,Alajamy Rice - 1K,,https://www.hyperone.com.eg/en/1-6222172010111,Salted Grocery,2026-06-09T14:22:02.835933+00:00,"{""uid"": ""Njg4NjE=""}"
hyperone,59615,6222172010128,Alajamy Rice - 5K,169.95,EGP,https://mcprod.hyperone.com.eg/media/catalog/product/cache/8d4e6327d79fd11192282459179cc69e/6/2/6222172010128d5kk.jpg,Alajamy Rice - 5K,,https://www.hyperone.com.eg/en/5-6222172010128,Salted Grocery,2026-06-09T14:22:02.836180+00:00,"{""uid"": ""NTk2MTU=""}"
hyperone,64478,6224010050013,Al Matam White Rice - 1K,33.5,EGP,https://mcprod.hyperone.com.eg/media/catalog/product/cache/8d4e6327d79fd11192282459179cc69e/6/2/6224010050013_whatsapp_image_2023-02-16_at_4.30.43_pm.jpg,Al Matam White Rice - 1K,,https://www.hyperone.com.eg/en/1-6224010050013,Salted Grocery,2026-06-09T14:22:02.836392+00:00,"{""uid"": ""NjQ0Nzg=""}"
hyperone,139748,6224000520083,Al Hawary White Rice - 1k,28.95,EGP,https://mcprod.hyperone.com.eg/media/catalog/product/cache/8d4e6327d79fd11192282459179cc69e/u/n/untitled-2.jpg,Al Hawary White Rice - 1k,,https://www.hyperone.com.eg/en/1-6224000520083,Salted Grocery,2026-06-09T14:22:02.836563+00:00,"{""uid"": ""MTM5NzQ4""}"
hyperone,231047,6224000520038,Al Mokhtar Rice -1K,28.95,EGP,https://mcprod.hyperone.com.eg/media/catalog/product/cache/8d4e6327d79fd11192282459179cc69e/6/2/6224000520038a1k.jpg,Al Mokhtar Rice -1K,,https://www.hyperone.com.eg/en/1-6224000520038,Salted Grocery,2026-06-09T14:22:02.837362+00:00,"{""uid"": ""MjMxMDQ3""}"
hyperone,25965,6224001074004,El Sa'a White Rice - 1k,36.5,EGP,https://mcprod.hyperone.com.eg/media/catalog/product/cache/8d4e6327d79fd11192282459179cc69e/6/2/6224001074004_-_1k.jpg,El Sa'a White Rice - 1k,,https://www.hyperone.com.eg/en/1-6224001074004,Salted Grocery,2026-06-09T14:22:02.837682+00:00,"{""uid"": ""MjU5NjU=""}"
hyperone,8840,6224001074011,El Sa'a White Rice - 5K,182.5,EGP,https://mcprod.hyperone.com.eg/media/catalog/product/cache/8d4e6327d79fd11192282459179cc69e/6/2/6224001074011.png,El Sa'a White Rice - 5K,,https://www.hyperone.com.eg/en/5-6224001074011,Salted Grocery,2026-06-09T14:22:02.837932+00:00,"{""uid"": ""ODg0MA==""}"
hyperone,222300,6224002536112,Meeza Egyptian Rice -1K,25.95,EGP,https://mcprod.hyperone.com.eg/media/catalog/product/cache/8d4e6327d79fd11192282459179cc69e/6/2/6224002536112kgd.jpg,Meeza Egyptian Rice -1K,,https://www.hyperone.com.eg/en/1-6224002536112,Salted Grocery,2026-06-09T14:22:02.838148+00:00,"{""uid"": ""MjIyMzAw""}"
hyperone,198335,6224002536013,El Fnan White Rice -1K,27.5,EGP,https://mcprod.hyperone.com.eg/media/catalog/product/cache/8d4e6327d79fd11192282459179cc69e/6/2/6224002536013.jpg,El Fnan White Rice -1K,,https://www.hyperone.com.eg/en/1-6224002536013,Salted Grocery,2026-06-09T14:22:02.838282+00:00,"{""uid"": ""MTk4MzM1""}"
hyperone,59792,6223000660065,Al Doha Jasmine Rice - 1K,154,EGP,https://mcprod.hyperone.com.eg/media/catalog/product/cache/8d4e6327d79fd11192282459179cc69e/_/1/_1_6223000660065_1.jpg,"Al Doha Jasmine rice is characterized by its strong flavour, mild texture and distinct taste A good source of many vitamins such as vitamins B1 and B2, protein and calcium Fraction rate: 3%",,https://www.hyperone.com.eg/en/1-6223000660065,Salted Grocery,2026-06-09T14:22:02.838515+00:00,"{""uid"": ""NTk3OTI=""}"
hyperone,59786,6223000660034,Al Doha Golden Rice - 1K,112.5,EGP,https://mcprod.hyperone.com.eg/media/catalog/product/cache/8d4e6327d79fd11192282459179cc69e/6/2/6223000660034f1kk.jpg,,,https://www.hyperone.com.eg/en/1-6223000660034,Salted Grocery,2026-06-09T14:22:02.838542+00:00,"{""uid"": ""NTk3ODY=""}"
hyperone,216940,6223000660195,Al Doha Easy Rice Oriental Rice - 324g,31.5,EGP,https://mcprod.hyperone.com.eg/media/catalog/product/cache/8d4e6327d79fd11192282459179cc69e/6/2/6223000660195_-_324g.jpg,Al Doha Easy Rice Oriental Rice - 324g,,https://www.hyperone.com.eg/en/324-6223000660195,Salted Grocery,2026-06-09T14:22:02.838659+00:00,"{""uid"": ""MjE2OTQw""}"
hyperone,216937,6223000660188,Al Doha Easy Rice Kabsa Rice - 336g,59.95,EGP,https://mcprod.hyperone.com.eg/media/catalog/product/cache/8d4e6327d79fd11192282459179cc69e/6/2/6223000660188_336g.jpg,Al Doha Easy Rice Kabsa Rice - 336g,,https://www.hyperone.com.eg/en/336-6223000660188,Salted Grocery,2026-06-09T14:22:02.838770+00:00,"{""uid"": ""MjE2OTM3""}"
hyperone,216952,6223000660133,Al Doha Easy Rice Koshary Eskandrany Rice - 320g,34.5,EGP,https://mcprod.hyperone.com.eg/media/catalog/product/cache/8d4e6327d79fd11192282459179cc69e/6/2/6223000660133_320g.jpg,Al Doha Easy Rice Koshary Eskandrany Rice - 320g,,https://www.hyperone.com.eg/en/320-6223000660133,Salted Grocery,2026-06-09T14:22:02.838885+00:00,"{""uid"": ""MjE2OTUy""}"
hyperone,216931,6223000660164,Al Doha Easy Rice Secret Mix Rice - 330g,38.5,EGP,https://mcprod.hyperone.com.eg/media/catalog/product/cache/8d4e6327d79fd11192282459179cc69e/6/2/6223000660164_320g.jpg,Al Doha Easy Rice Secret Mix Rice - 330g,,https://www.hyperone.com.eg/en/330-6223000660164,Salted Grocery,2026-06-09T14:22:02.838998+00:00,"{""uid"": ""MjE2OTMx""}"
hyperone,216946,6223000660157,Al Doha Easy Rice Vermicelli Rice - 320g,27.5,EGP,https://mcprod.hyperone.com.eg/media/catalog/product/cache/8d4e6327d79fd11192282459179cc69e/6/2/6223000660157_320g.jpg,Al Doha Easy Rice Vermicelli Rice - 320g,,https://www.hyperone.com.eg/en/320-6223000660157,Salted Grocery,2026-06-09T14:22:02.839114+00:00,"{""uid"": ""MjE2OTQ2""}"
hyperone,216934,6223000660171,Al Doha Easy Rice Sayadia Rice - 327g,29.5,EGP,https://mcprod.hyperone.com.eg/media/catalog/product/cache/8d4e6327d79fd11192282459179cc69e/6/2/6223000660171_327g.jpg,Al Doha Easy Rice Sayadia Rice - 327g,,https://www.hyperone.com.eg/en/327-6223000660171,Salted Grocery,2026-06-09T14:22:02.839222+00:00,"{""uid"": ""MjE2OTM0""}"
hyperone,216949,6223000660140,Al Doha Easy Rice Beyti Rice - 320g,23.95,EGP,https://mcprod.hyperone.com.eg/media/catalog/product/cache/8d4e6327d79fd11192282459179cc69e/6/2/6223000660140_320g.jpg,Al Doha Easy Rice Beyti Rice - 320g,,https://www.hyperone.com.eg/en/320-6223000660140,Salted Grocery,2026-06-09T14:22:02.839331+00:00,"{""uid"": ""MjE2OTQ5""}"
hyperone,216943,6223000660256,Al Doha Easy Rice Mahshi Rice - 342g,32.5,EGP,https://mcprod.hyperone.com.eg/media/catalog/product/cache/8d4e6327d79fd11192282459179cc69e/6/2/6223000660256_342g.jpg,Al Doha Easy Rice Mahshi Rice - 342g,,https://www.hyperone.com.eg/en/342-6223000660256,Salted Grocery,2026-06-09T14:22:02.839445+00:00,"{""uid"": ""MjE2OTQz""}"
hyperone,59807,6223000740033,Daria Basmati Rice - 5K,620.95,EGP,https://mcprod.hyperone.com.eg/media/catalog/product/cache/8d4e6327d79fd11192282459179cc69e/4/1/41-wttmpsll._ac_.jpg,Daria Basmati Rice - 5K,,https://www.hyperone.com.eg/en/5-6223000740033,Salted Grocery,2026-06-09T14:22:02.839552+00:00,"{""uid"": ""NTk4MDc=""}"
hyperone,61640,6223003395599,Daria Indian Long Grain Golden Basmati Rice - 5k,620.95,EGP,https://mcprod.hyperone.com.eg/media/catalog/product/cache/8d4e6327d79fd11192282459179cc69e/6/2/6223003395599dd5kgd.jpg,Daria Indian Long Grain Golden Basmati Rice - 5k,,https://www.hyperone.com.eg/en/5-6223003395599,Salted Grocery,2026-06-09T14:22:02.839661+00:00,"{""uid"": ""NjE2NDA=""}"
hyperone,59993,6223003391348,Daria Thai Long Grain Golden Basmati Rice - 5K,501,EGP,https://mcprod.hyperone.com.eg/media/catalog/product/cache/8d4e6327d79fd11192282459179cc69e/6/2/6223003391348g5k.jpg,Daria Thai Long Grain Golden Basmati Rice - 5K,,https://www.hyperone.com.eg/en/5-6223003391348,Salted Grocery,2026-06-09T14:22:02.839800+00:00,"{""uid"": ""NTk5OTM=""}"
hyperone,59990,6223003391331,Daria Thailand Long Grain White Rice -1K,89.5,EGP,https://mcprod.hyperone.com.eg/media/catalog/product/cache/8d4e6327d79fd11192282459179cc69e/6/2/6223003391331_1k.jpg,Daria Thailand Long Grain White Rice -1K,,https://www.hyperone.com.eg/en/1-6223003391331,Salted Grocery,2026-06-09T14:22:02.839905+00:00,"{""uid"": ""NTk5OTA=""}"
hyperone,25638,6224000515805,Hyperone Indian Basmati Rice - 1k,96.95,EGP,https://mcprod.hyperone.com.eg/media/catalog/product/cache/8d4e6327d79fd11192282459179cc69e/6/2/6224000515805.jpg,Hyperone Indian Basmati Rice - 1k,,https://www.hyperone.com.eg/en/1-6224000515805,Salted Grocery,2026-06-09T14:22:02.840012+00:00,"{""uid"": ""MjU2Mzg=""}"
hyperone,70700,6224000038373,Safety Misr Cargo Brown Rice - 500g,53.75,EGP,https://mcprod.hyperone.com.eg/media/catalog/product/cache/8d4e6327d79fd11192282459179cc69e/6/2/6224000038373b.jpg,Safety Misr Cargo Brown Rice - 500g,,https://www.hyperone.com.eg/en/500-6224000038373,Salted Grocery,2026-06-09T14:22:02.840128+00:00,"{""uid"": ""NzA3MDA=""}"
hyperone,169542,6224008467977,Don Lopez Basmati Golden Rice - 900g,126.95,EGP,https://mcprod.hyperone.com.eg/media/catalog/product/cache/8d4e6327d79fd11192282459179cc69e/6/2/6224008467977-900g-n23.jpg,"The best tasting basmati rice, the finest of all rice varieties Long grain rice characterized by its light and floral aroma It contains many important nutrients, including vitamin B1, vitamin B6, copper, folic acid, magnesium, phosphorous, and zinc and is easy to digest. Perfect for preparing a variety of sweet or spicy delicacies Carefully selected and processed to ensure safe consumption",,https://www.hyperone.com.eg/en/900-6224008467977,Salted Grocery,2026-06-09T14:22:02.840384+00:00,"{""uid"": ""MTY5NTQy""}"
hyperone,238442,6224000059569,Zamzam Thailand Long Grain Basmati Rice - 1K,85,EGP,https://mcprod.hyperone.com.eg/media/catalog/product/cache/8d4e6327d79fd11192282459179cc69e/6/2/6224000059569d1kg.jpg,Zamzam Thailand Long Grain Basmati Rice - 1K,,https://www.hyperone.com.eg/en/1-6224000059569,Salted Grocery,2026-06-09T14:22:02.840506+00:00,"{""uid"": ""MjM4NDQy""}"
hyperone,9704,6281100411109,Abu Kass Golden Basmati Rice - 1k,160.95,EGP,https://mcprod.hyperone.com.eg/media/catalog/product/cache/8d4e6327d79fd11192282459179cc69e/6/2/6281100411109-7_1.png,Abu Kass Golden Basmati Rice -1k,,https://www.hyperone.com.eg/en/1-6281100411109,Salted Grocery,2026-06-09T14:22:02.840650+00:00,"{""uid"": ""OTcwNA==""}"
hyperone,61631,6223003395551,Nahrain Basmati Rice - 5K,776,EGP,https://mcprod.hyperone.com.eg/media/catalog/product/cache/8d4e6327d79fd11192282459179cc69e/6/2/6223003395551.jpg,Nahrain Basmati Rice - 5K,,https://www.hyperone.com.eg/en/5-6223003395551,Salted Grocery,2026-06-09T14:22:02.840751+00:00,"{""uid"": ""NjE2MzE=""}"
hyperone,61628,6223003395544,Nahrain Supereme Basmati Rice - 2K,251.5,EGP,https://mcprod.hyperone.com.eg/media/catalog/product/cache/8d4e6327d79fd11192282459179cc69e/6/2/6223000740149-9_1.png,Nahrain Supereme Basmati Rice - 2K,,https://www.hyperone.com.eg/en/2-6223003395544,Salted Grocery,2026-06-09T14:22:02.840851+00:00,"{""uid"": ""NjE2Mjg=""}"
hyperone,59996,6223003391355,Daria Thailand Long Grain Golden Rice - 1K,89.5,EGP,https://mcprod.hyperone.com.eg/media/catalog/product/cache/8d4e6327d79fd11192282459179cc69e/6/2/6223003391355_2.png,Daria Thailand Long Grain Golden Rice - 1K,,https://www.hyperone.com.eg/en/1-6223003391355,Salted Grocery,2026-06-09T14:22:02.840954+00:00,"{""uid"": ""NTk5OTY=""}"
hyperone,169518,6224008467373,Don Lopez Basmati Golden Rice - 1k,134.5,EGP,https://mcprod.hyperone.com.eg/media/catalog/product/cache/8d4e6327d79fd11192282459179cc69e/d/o/download_-_2023-06-25t110346.652.jpg,"The best tasting basmati rice, the finest of all rice varieties Long grain rice characterized by its light and floral aroma It contains many important nutrients, including vitamin B1, vitamin B6, copper, folic acid, magnesium, phosphorous, and zinc and is easy to digest. Perfect for preparing a variety of sweet or spicy delicacies Carefully selected and processed to ensure safe consumption",,https://www.hyperone.com.eg/en/1-6224008467373,Salted Grocery,2026-06-09T14:22:02.841302+00:00,"{""uid"": ""MTY5NTE4""}"
hyperone,59999,6223003395490,Daria Supereme Basmati Rice - 1K,130.95,EGP,https://mcprod.hyperone.com.eg/media/catalog/product/cache/8d4e6327d79fd11192282459179cc69e/6/2/6223003395490-7.png,Daria Supereme Basmati Rice - 1K,,https://www.hyperone.com.eg/en/1-6223003395490,Salted Grocery,2026-06-09T14:22:02.841496+00:00,"{""uid"": ""NTk5OTk=""}"
hyperone,61634,6223003395575,Daria Golden Supreme Basmati Rice - 1K,130.95,EGP,https://mcprod.hyperone.com.eg/media/catalog/product/cache/8d4e6327d79fd11192282459179cc69e/6/2/6223003395575-8.png,Daria Golden Supreme Basmati Rice - 1K,,https://www.hyperone.com.eg/en/1-6223003395575,Salted Grocery,2026-06-09T14:22:02.841593+00:00,"{""uid"": ""NjE2MzQ=""}"
hyperone,59891,6223001350682,Sunny Cooking Oil - 2.4L,224.5,EGP,https://mcprod.hyperone.com.eg/media/catalog/product/cache/8d4e6327d79fd11192282459179cc69e/6/2/6223001350682a2.4l.jpg,,,https://www.hyperone.com.eg/en/2-4-6223001350682,Oils & Ghee,2026-06-09T14:22:04.784881+00:00,"{""uid"": ""NTk4OTE=""}"
hyperone,259469,6223000265727,Slite Sunflower Oil - 2.1L,205,EGP,https://mcprod.hyperone.com.eg/media/catalog/product/cache/8d4e6327d79fd11192282459179cc69e/6/2/6223000265727remove190egppart2.1l.jpg,,,https://www.hyperone.com.eg/en/2-1-6223000265727,Oils & Ghee,2026-06-09T14:22:04.784978+00:00,"{""uid"": ""MjU5NDY5""}"
hyperone,259472,6223000265833,Slite Sunflower Oil - 675ml,67.95,EGP,https://mcprod.hyperone.com.eg/media/catalog/product/cache/8d4e6327d79fd11192282459179cc69e/6/2/6223000265833a675ml.jpg,,,https://www.hyperone.com.eg/en/675-6223000265833,Oils & Ghee,2026-06-09T14:22:04.785021+00:00,"{""uid"": ""MjU5NDcy""}"
hyperone,71147,6223000263945,Hanady Mixed Oil - 700ml,54.5,EGP,https://mcprod.hyperone.com.eg/media/catalog/product/cache/8d4e6327d79fd11192282459179cc69e/6/2/6223000263945a700ml.jpg,,,https://www.hyperone.com.eg/en/700-6223000263945,Oils & Ghee,2026-06-09T14:22:04.785048+00:00,"{""uid"": ""NzExNDc=""}"
hyperone,259511,6224007514092,Argan Mixed Oil - 1L,76.95,EGP,https://mcprod.hyperone.com.eg/media/catalog/product/cache/8d4e6327d79fd11192282459179cc69e/6/2/6224007514092a1l.jpg,,,https://www.hyperone.com.eg/en/1-6224007514092,Oils & Ghee,2026-06-09T14:22:04.785074+00:00,"{""uid"": ""MjU5NTEx""}"
hyperone,68588,6222000505109,Crystal Sunflower Oil Spray Bottle - 200ml,24.5,EGP,https://mcprod.hyperone.com.eg/media/catalog/product/cache/8d4e6327d79fd11192282459179cc69e/6/2/6222000505109-200ml-n23-.jpg,Crystal Sunflower Oil Spray Bottle - 200ml,,https://www.hyperone.com.eg/en/200-6222000505109,Salted Grocery,2026-06-09T14:22:04.785567+00:00,"{""uid"": ""Njg1ODg=""}"
hyperone,226670,6222000579896,Crystal Sunflower Oil - 700ml,77.5,EGP,https://mcprod.hyperone.com.eg/media/catalog/product/cache/8d4e6327d79fd11192282459179cc69e/6/2/6222000579896g700ml.jpg,Crystal Sunflower Oil - 700ml,,https://www.hyperone.com.eg/en/700-6222000579896,Salted Grocery,2026-06-09T14:22:04.785802+00:00,"{""uid"": ""MjI2Njcw""}"
hyperone,68600,6222000506014,Crystal Sunflower Oil - 1L,107.5,EGP,https://mcprod.hyperone.com.eg/media/catalog/product/cache/8d4e6327d79fd11192282459179cc69e/6/2/6222000506014g1l.jpg,Crystal Sunflower Oil - 1L,,https://www.hyperone.com.eg/en/900-6222000506014,Salted Grocery,2026-06-09T14:22:04.785981+00:00,"{""uid"": ""Njg2MDA=""}"
hyperone,61910,6222000505314,Crystal Sunflower Oil - 1.6L,173.95,EGP,https://mcprod.hyperone.com.eg/media/catalog/product/cache/8d4e6327d79fd11192282459179cc69e/6/2/6222000505314dd1.6l.jpg,Crystal Sunflower Oil - 1.6L,,https://www.hyperone.com.eg/en/1-60-6222000505314,Salted Grocery,2026-06-09T14:22:04.786264+00:00,"{""uid"": ""NjE5MTA=""}"
hyperone,191999,6222000508551,Crystal Sunflower Oil - 2.2L,237.5,EGP,https://mcprod.hyperone.com.eg/media/catalog/product/cache/8d4e6327d79fd11192282459179cc69e/6/2/6222000508551f2.2l.jpg,Crystal Sunflower Oil - 2.2L,,https://www.hyperone.com.eg/en/2-2-6222000508551,Salted Grocery,2026-06-09T14:22:04.786472+00:00,"{""uid"": ""MTkxOTk5""}"
hyperone,183935,6222000507264,Crystal Sunflower Oil - 5L,528.5,EGP,https://mcprod.hyperone.com.eg/media/catalog/product/cache/8d4e6327d79fd11192282459179cc69e/6/2/6222000507264.jpg,Sunflower oil for cooking and frying Cholesterol free,,https://www.hyperone.com.eg/en/5-6222000507264,Salted Grocery,2026-06-09T14:22:04.786709+00:00,"{""uid"": ""MTgzOTM1""}"
hyperone,68591,6222000505116,Crystal Corn Oil Spray Bottle - 200ml,26.5,EGP,https://mcprod.hyperone.com.eg/media/catalog/product/cache/8d4e6327d79fd11192282459179cc69e/6/2/6222000505116-200ml-n23-.jpg,Crystal Corn Oil Spray Bottle - 200ml,,https://www.hyperone.com.eg/en/200-6222000505116,Salted Grocery,2026-06-09T14:22:04.786848+00:00,"{""uid"": ""Njg1OTE=""}"
hyperone,226667,6222000579872,Crystal Corn Oil - 700ml,95.25,EGP,https://mcprod.hyperone.com.eg/media/catalog/product/cache/8d4e6327d79fd11192282459179cc69e/6/2/6222000579872f700ml.jpg,Crystal Corn Oil - 700ml,,https://www.hyperone.com.eg/en/700-6222000579872,Salted Grocery,2026-06-09T14:22:04.786999+00:00,"{""uid"": ""MjI2NjY3""}"
hyperone,39797,6222000508575,Crystal Corn Oil - 2.2L,275,EGP,https://mcprod.hyperone.com.eg/media/catalog/product/cache/8d4e6327d79fd11192282459179cc69e/6/2/6222000508575g2.2l.jpg,Crystal Corn Oil - 2.20L,,https://www.hyperone.com.eg/en/2-20-6222000508575,Salted Grocery,2026-06-09T14:22:04.787151+00:00,"{""uid"": ""Mzk3OTc=""}"
hyperone,61907,6222000505291,Crystal Corn Oil - 1.6L,203.95,EGP,https://mcprod.hyperone.com.eg/media/catalog/product/cache/8d4e6327d79fd11192282459179cc69e/6/2/6222000505291d1.6l.jpg,Rich with Omega 6,,https://www.hyperone.com.eg/en/1-60-6222000505291,Salted Grocery,2026-06-09T14:22:04.787279+00:00,"{""uid"": ""NjE5MDc=""}"
hyperone,225417,6223000265574,Afia Sunflower Oil - 700ml,77.5,EGP,https://mcprod.hyperone.com.eg/media/catalog/product/cache/8d4e6327d79fd11192282459179cc69e/6/2/6223000265574d700ml.jpg,Afia Sunflower Oil - 700ml,,https://www.hyperone.com.eg/en/700-6223000265574,Salted Grocery,2026-06-09T14:22:04.787448+00:00,"{""uid"": ""MjI1NDE3""}"
hyperone,59738,6223000263747,Afia Sunflower Oil - 1.6L,173.95,EGP,https://mcprod.hyperone.com.eg/media/catalog/product/cache/8d4e6327d79fd11192282459179cc69e/6/2/6223000263747-1.6ml-n23-.jpg,Afia Sunflower Oil - 1.6L,,https://www.hyperone.com.eg/en/1-6-6223000263747,Salted Grocery,2026-06-09T14:22:04.788260+00:00,"{""uid"": ""NTk3Mzg=""}"
hyperone,215083,6223000264348,Afia Sunflower Oil - 2.2L,237.5,EGP,https://mcprod.hyperone.com.eg/media/catalog/product/cache/8d4e6327d79fd11192282459179cc69e/6/2/6223000264348n2.2l.jpg,Afia Sunflower Oil - 2.2L,,https://www.hyperone.com.eg/en/2-2-6223000264348,Salted Grocery,2026-06-09T14:22:04.788418+00:00,"{""uid"": ""MjE1MDgz""}"
hyperone,225414,6223000265567,Afia Corn Oil - 700ml,95.5,EGP,https://mcprod.hyperone.com.eg/media/catalog/product/cache/8d4e6327d79fd11192282459179cc69e/6/2/6223000265567g700ml.jpg,Afia Corn Oil - 700ml,,https://www.hyperone.com.eg/en/700-6223000265567,Salted Grocery,2026-06-09T14:22:04.788554+00:00,"{""uid"": ""MjI1NDE0""}"
hyperone,61952,6223000263648,Afia Corn Oil - 1.6L,211,EGP,https://mcprod.hyperone.com.eg/media/catalog/product/cache/8d4e6327d79fd11192282459179cc69e/6/2/6223000263648-1.6l-_1.jpg,Afia Corn Oil - 1.6L,,https://www.hyperone.com.eg/en/1600-6223000263648,Salted Grocery,2026-06-09T14:22:04.788689+00:00,"{""uid"": ""NjE5NTI=""}"
hyperone,59774,6223000264386,Afia Corn Oil - 2.2L,275,EGP,https://mcprod.hyperone.com.eg/media/catalog/product/cache/8d4e6327d79fd11192282459179cc69e/6/2/6223000264386_2.2l-n23-.jpg,Afia Corn Oil - 2.2L,,https://www.hyperone.com.eg/en/2-2-6223000264386,Salted Grocery,2026-06-09T14:22:04.788806+00:00,"{""uid"": ""NTk3NzQ=""}"
hyperone,225420,6223000265581,Afia Plus Omega Corn Oil - 700ml,89.95,EGP,https://mcprod.hyperone.com.eg/media/catalog/product/cache/8d4e6327d79fd11192282459179cc69e/6/2/6223000265581ml.jpg,Afia Plus Omega Corn Oil - 700ml,,https://www.hyperone.com.eg/en/700-6223000265581,Salted Grocery,2026-06-09T14:22:04.788914+00:00,"{""uid"": ""MjI1NDIw""}"
hyperone,59768,6223000264362,Afia Omega Plus Corn Oil - 1.6L,201,EGP,https://mcprod.hyperone.com.eg/media/catalog/product/cache/8d4e6327d79fd11192282459179cc69e/6/2/6223000264362-1.6l_1.jpg,Afia Omega Plus Corn Oil - 1.6L,,https://www.hyperone.com.eg/en/1-6-6223000264362,Salted Grocery,2026-06-09T14:22:04.789063+00:00,"{""uid"": ""NTk3Njg=""}"
hyperone,59771,6223000264379,Afia Plus Omega Corn Oil - 2.2L,259.5,EGP,https://mcprod.hyperone.com.eg/media/catalog/product/cache/8d4e6327d79fd11192282459179cc69e/6/2/6223000264379_2.2l-n23-.jpg,Afia Plus Omega Corn Oil - 2.2L,,https://www.hyperone.com.eg/en/2-2-6223000264379,Salted Grocery,2026-06-09T14:22:04.789183+00:00,"{""uid"": ""NTk3NzE=""}"
hyperone,223905,2010400020025,Top Value Sunflower Oil - 2.25L,235.95,EGP,https://mcprod.hyperone.com.eg/media/catalog/product/cache/8d4e6327d79fd11192282459179cc69e/2/0/2010400020025.jpg,Top Value Sunflower Oil - 2.25L,,https://www.hyperone.com.eg/en/2-25-2010400020025,Salted Grocery,2026-06-09T14:22:04.789294+00:00,"{""uid"": ""MjIzOTA1""}"
hyperone,232871,2010400020049,Top Value Corn Oil - 2.25L,269.95,EGP,https://mcprod.hyperone.com.eg/media/catalog/product/cache/8d4e6327d79fd11192282459179cc69e/2/0/2010400020049.png,Top Value Corn Oil - 2.25L,,https://www.hyperone.com.eg/en/2-25-2010400020049,Salted Grocery,2026-06-09T14:22:04.789477+00:00,"{""uid"": ""MjMyODcx""}"
hyperone,179060,2010400008900,Top Value Mixed Oil - 700ml,59.95,EGP,https://mcprod.hyperone.com.eg/media/catalog/product/cache/8d4e6327d79fd11192282459179cc69e/2/0/2010400008900_-_700ml.png,"Mixing oils helps with a higher smoke point, making them ideal for frying our tasty treats. Their higher smoke point also makes them perfect for all types of cooking, without generating toxic chemicals. Mixed oils are excellent for providing health benefits that exceed the benefits of a single-source oil.",,https://www.hyperone.com.eg/en/700-2010400008900,Salted Grocery,2026-06-09T14:22:04.789961+00:00,"{""uid"": ""MTc5MDYw""}"
hyperone,223902,2010400020001,Top Value Mixed Oil - 2.25L,192.95,EGP,https://mcprod.hyperone.com.eg/media/catalog/product/cache/8d4e6327d79fd11192282459179cc69e/2/0/2010400020001.jpg,Top Value Mixed Oil - 2.25L,,https://www.hyperone.com.eg/en/2-25-2010400020001,Salted Grocery,2026-06-09T14:22:04.790345+00:00,"{""uid"": ""MjIzOTAy""}"
hyperone,217360,6222000506663,Al Aseel Mixed Sunflower & Soya Oil - 700ml,71.75,EGP,https://mcprod.hyperone.com.eg/media/catalog/product/cache/8d4e6327d79fd11192282459179cc69e/6/2/6222000506663d700ml.jpg,Al Aseel Mixed Sunflower & Soya Oil - 700ml,,https://www.hyperone.com.eg/en/700-6222000506663,Salted Grocery,2026-06-09T14:22:04.790654+00:00,"{""uid"": ""MjE3MzYw""}"
hyperone,61922,6222000505376,Al Aseel Mixed Sunflower & Soya Oil - 1.5L,146.95,EGP,https://mcprod.hyperone.com.eg/media/catalog/product/cache/8d4e6327d79fd11192282459179cc69e/6/2/6222000505376m1.5l.jpg,Al Aseel Mixed Sunflower & Soya Oil - 1.5L,,https://www.hyperone.com.eg/en/1-50-6222000505376,Salted Grocery,2026-06-09T14:22:04.790802+00:00,"{""uid"": ""NjE5MjI=""}"
hyperone,198341,6222000505383,Al Aseel Mixed Sunflower & Soya Oil - 2.25L,217.95,EGP,https://mcprod.hyperone.com.eg/media/catalog/product/cache/8d4e6327d79fd11192282459179cc69e/6/2/6222000505383_-_2.25l.jpg,Al Aseel Mixed Sunflower & Soya Oil - 2.25L,,https://www.hyperone.com.eg/en/2-25-6222000505383,Salted Grocery,2026-06-09T14:22:04.790950+00:00,"{""uid"": ""MTk4MzQx""}"
hyperone,59735,6223000263716,Helwa Mixed Oil - 2.25L,181.5,EGP,https://mcprod.hyperone.com.eg/media/catalog/product/cache/8d4e6327d79fd11192282459179cc69e/6/2/6223000263716_2.25l-n23-.jpg,Helwa Mixed Oil - 2.25L,,https://www.hyperone.com.eg/en/2-25-6223000263716,Salted Grocery,2026-06-09T14:22:04.791065+00:00,"{""uid"": ""NTk3MzU=""}"
hyperone,185876,6223000263723,Helwa Mixed Oil - 4.50L,359.5,EGP,https://mcprod.hyperone.com.eg/media/catalog/product/cache/8d4e6327d79fd11192282459179cc69e/6/2/6223000263723_4.5l-n23-.jpg,Helwa Mixed Oil - 4.50L,,https://www.hyperone.com.eg/en/4-50-6223000263723,Salted Grocery,2026-06-09T14:22:04.791174+00:00,"{""uid"": ""MTg1ODc2""}"
hyperone,183410,6223000265147,Helwa Sunflower Oil - 4.5L,456.5,EGP,https://mcprod.hyperone.com.eg/media/catalog/product/cache/8d4e6327d79fd11192282459179cc69e/6/2/6223000265147_download_7_.jpg,Helwa Sunflower Oil - 4.5L,,https://www.hyperone.com.eg/en/4-50-6223000265147,Salted Grocery,2026-06-09T14:22:04.791352+00:00,"{""uid"": ""MTgzNDEw""}"
hyperone,59513,6222000507172,Hedeya Mixed Oil - 4.5L,366.5,EGP,https://mcprod.hyperone.com.eg/media/catalog/product/cache/8d4e6327d79fd11192282459179cc69e/6/2/6222000507172_4.5l-n23-.jpg,Hedeya Mixed Oil - 4.5L,,https://www.hyperone.com.eg/en/4-5-6222000507172,Salted Grocery,2026-06-09T14:22:04.791478+00:00,"{""uid"": ""NTk1MTM=""}"
hyperone,59723,6223000263617,Slite Sunflower Oil - 1.5L,157.95,EGP,https://mcprod.hyperone.com.eg/media/catalog/product/cache/8d4e6327d79fd11192282459179cc69e/6/2/6223000263617---.jpg,Slite Sunflower Oil - 1.5L,,https://www.hyperone.com.eg/en/1-50-6223000263617,Salted Grocery,2026-06-09T14:22:04.791597+00:00,"{""uid"": ""NTk3MjM=""}"
hyperone,232721,6222000512534,Qaleya Mixed Oil - 2.1L,175.95,EGP,https://mcprod.hyperone.com.eg/media/catalog/product/cache/8d4e6327d79fd11192282459179cc69e/6/2/6222000512534.png,Qaleya Mixed Oil - 2.1L,,https://www.hyperone.com.eg/en/2-100-6222000512534,Salted Grocery,2026-06-09T14:22:04.791800+00:00,"{""uid"": ""MjMyNzIx""}"
hyperone,185099,6222000512749,Qaleya Mixed Cooking Oil - 4.5L,366.5,EGP,https://mcprod.hyperone.com.eg/media/catalog/product/cache/8d4e6327d79fd11192282459179cc69e/6/2/6222000512749_4.5l-n23-_1.jpg,Qaleya Mixed Cooking Oil - 4.5L,,https://www.hyperone.com.eg/en/4-5-6222000512749,Salted Grocery,2026-06-09T14:22:04.791963+00:00,"{""uid"": ""MTg1MDk5""}"
hyperone,59732,6223000263693,Hanady Mixed Oil - 2.10L,175.75,EGP,https://mcprod.hyperone.com.eg/media/catalog/product/cache/8d4e6327d79fd11192282459179cc69e/6/2/6223000263693_2.10l-n23-.jpg,Hanady Mixed Oil - 2.10L,,https://www.hyperone.com.eg/en/2-10-6223000263693,Salted Grocery,2026-06-09T14:22:04.792080+00:00,"{""uid"": ""NTk3MzI=""}"
hyperone,69128,6223000263761,Slite Corn Oil - 750ml,83.75,EGP,https://mcprod.hyperone.com.eg/media/catalog/product/cache/8d4e6327d79fd11192282459179cc69e/6/2/6223000263761_-_750ml.jpg,Slite Corn Oil - 750ml,,https://www.hyperone.com.eg/en/750-6223000263761,Salted Grocery,2026-06-09T14:22:04.792193+00:00,"{""uid"": ""NjkxMjg=""}"
hyperone,138520,6223000264126,Helwa Mixed Oil - 700ml,60.95,EGP,https://mcprod.hyperone.com.eg/media/catalog/product/cache/8d4e6327d79fd11192282459179cc69e/6/2/6223000264126_700ml-n23-.jpg,Helwa Mixed Oil - 700ml,,https://www.hyperone.com.eg/en/700-6223000264126,Salted Grocery,2026-06-09T14:22:04.792307+00:00,"{""uid"": ""MTM4NTIw""}"
hyperone,59924,6223001354574,Sunny Cooking Oil - 4.4L,379.95,EGP,https://mcprod.hyperone.com.eg/media/catalog/product/cache/8d4e6327d79fd11192282459179cc69e/6/2/6223001354574_4.4l-n23-.jpg,Sunny Cooking Oil - 4.4L,,https://www.hyperone.com.eg/en/4400-6223001354574,Salted Grocery,2026-06-09T14:22:04.792464+00:00,"{""uid"": ""NTk5MjQ=""}"
hyperone,251003,6223001700340,Zamzam Mixed Oil - 700ml,49.95,EGP,https://mcprod.hyperone.com.eg/media/catalog/product/cache/8d4e6327d79fd11192282459179cc69e/6/2/6223001700340a700ml.jpg,Zamzam Mixed Oil - 700ml,,https://www.hyperone.com.eg/en/700-6223001700340,Salted Grocery,2026-06-09T14:22:04.792585+00:00,"{""uid"": ""MjUxMDAz""}"
hyperone,219174,6222000507318,El Momtaz Mixed Oil - 700ml,64,EGP,https://mcprod.hyperone.com.eg/media/catalog/product/cache/8d4e6327d79fd11192282459179cc69e/6/2/6222000507318_700ml.jpg,El Momtaz Mixed Oil - 700ml,,https://www.hyperone.com.eg/en/700-6222000507318,Salted Grocery,2026-06-09T14:22:04.792697+00:00,"{""uid"": ""MjE5MTc0""}"
hyperone,165151,6224000115067,Golden Alfa Mixed Oil - 700ml,63.95,EGP,https://mcprod.hyperone.com.eg/media/catalog/product/cache/8d4e6327d79fd11192282459179cc69e/6/2/6224000115067--24.jpg,Golden Alfa Mixed Oil - 700ml,,https://www.hyperone.com.eg/en/700-6224000115067,Salted Grocery,2026-06-09T14:22:04.792807+00:00,"{""uid"": ""MTY1MTUx""}"
hyperone,219171,6222000507301,El Momtaz Mixed Oil - 1L,83.95,EGP,https://mcprod.hyperone.com.eg/media/catalog/product/cache/8d4e6327d79fd11192282459179cc69e/6/2/6222000507301_1l.jpg,El Momtaz Mixed Oil - 1L,,https://www.hyperone.com.eg/en/1-6222000507301,Salted Grocery,2026-06-09T14:22:04.793112+00:00,"{""uid"": ""MjE5MTcx""}"
hyperone,188012,8850282391011,King Rice Bran Oil - 1L,235.95,EGP,https://mcprod.hyperone.com.eg/media/catalog/product/cache/8d4e6327d79fd11192282459179cc69e/8/8/8850282391011a1l.jpg,Oryzanol 8000ppm,,https://www.hyperone.com.eg/en/1-8850282391011,Salted Grocery,2026-06-09T14:22:04.793360+00:00,"{""uid"": ""MTg4MDEy""}"
hyperone,188009,8850282191017,King Rice Bran Oil - 2L,469.95,EGP,https://mcprod.hyperone.com.eg/media/catalog/product/cache/8d4e6327d79fd11192282459179cc69e/8/8/8850282191017.-2l-n23.jpg,"Oryzanol 8000ppm Ideal for salad dressing, frying and baking",,https://www.hyperone.com.eg/en/2-8850282191017,Salted Grocery,2026-06-09T14:22:04.793470+00:00,"{""uid"": ""MTg4MDA5""}"
hyperone,186980,6223000190401,Wadi Food Virgin Olive Oil - 1L,778.95,EGP,https://mcprod.hyperone.com.eg/media/catalog/product/cache/8d4e6327d79fd11192282459179cc69e/6/2/6223000190401dd1l.jpg,Wadi Food Virgin Olive Oil - 1L,,https://www.hyperone.com.eg/en/1-6223000190401,Salted Grocery,2026-06-09T14:22:06.404010+00:00,"{""uid"": ""MTg2OTgw""}"
hyperone,186983,6223000190425,Wadi Food Extra Virgin Olive Oil -1L,839.95,EGP,https://mcprod.hyperone.com.eg/media/catalog/product/cache/8d4e6327d79fd11192282459179cc69e/6/2/6223000190425-1l-.jpg,Wadi Food Extra Virgin Olive Oil -1L,,https://www.hyperone.com.eg/en/1-6223000190425,Salted Grocery,2026-06-09T14:22:06.404563+00:00,"{""uid"": ""MTg2OTgz""}"
hyperone,186992,6223000190623,Wadi Food Extra Virgin Olive Oil - 250ml,256.95,EGP,https://mcprod.hyperone.com.eg/media/catalog/product/cache/8d4e6327d79fd11192282459179cc69e/6/2/6223000190623d250ml.jpg,Wadi Food Extra Virgin Olive Oil - 250ml,,https://www.hyperone.com.eg/en/250-6223000190623,Salted Grocery,2026-06-09T14:22:06.404923+00:00,"{""uid"": ""MTg2OTky""}"
hyperone,186995,6223000190630,Wadi Food Extra Virgin Olive Oil - 500ml,455.95,EGP,https://mcprod.hyperone.com.eg/media/catalog/product/cache/8d4e6327d79fd11192282459179cc69e/6/2/6223000190630f500ml.jpg,Wadi Food Extra Virgin Olive Oil - 500ml,,https://www.hyperone.com.eg/en/500-6223000190630,Salted Grocery,2026-06-09T14:22:06.405371+00:00,"{""uid"": ""MTg2OTk1""}"
hyperone,186977,6223000190135,Wadi Food Virgin Olive Oil - 250ml,239.95,EGP,https://mcprod.hyperone.com.eg/media/catalog/product/cache/8d4e6327d79fd11192282459179cc69e/6/2/6223000190135d250ml.jpg,Wadi Food Virgin Olive Oil - 250ml,,https://www.hyperone.com.eg/en/250-6223000190135,Salted Grocery,2026-06-09T14:22:06.405585+00:00,"{""uid"": ""MTg2OTc3""}"
hyperone,186986,6223000190449,Wadi Food Virgin Olive Oil - 500ml,446.95,EGP,https://mcprod.hyperone.com.eg/media/catalog/product/cache/8d4e6327d79fd11192282459179cc69e/6/2/6223000190449-550ml.-n23.jpg,Wadi Food Virgin Olive Oil - 500ml,,https://www.hyperone.com.eg/en/500-6223000190449,Salted Grocery,2026-06-09T14:22:06.406019+00:00,"{""uid"": ""MTg2OTg2""}"
hyperone,59627,6223000190029,Wadi Food Extra Virgin Olive Oil - 250ml,295.5,EGP,https://mcprod.hyperone.com.eg/media/catalog/product/cache/8d4e6327d79fd11192282459179cc69e/6/2/6223000190029_250ml-n23.jpg,"Loaded with heart-healthy fats and antioxidant A great addition to a nutritious diet Protect against inflammation, heart disease, breast cancer, and type 2 diabetes",,https://www.hyperone.com.eg/en/250-6223000190029,Salted Grocery,2026-06-09T14:22:06.406351+00:00,"{""uid"": ""NTk2Mjc=""}"
hyperone,59651,6223000198179,Domaine Natroun Extra Virgin Olive Oil - 500ml,986.5,EGP,https://mcprod.hyperone.com.eg/media/catalog/product/cache/8d4e6327d79fd11192282459179cc69e/6/2/6223000198179d500ml.jpg,Premium edition by Wadi Food Proudly grown in Egypt,,https://www.hyperone.com.eg/en/500-6223000198179,Salted Grocery,2026-06-09T14:22:06.406586+00:00,"{""uid"": ""NTk2NTE=""}"
hyperone,8465,6224000065836,Avanti Extra Virgin Olive Oil - 250ml,181.5,EGP,https://mcprod.hyperone.com.eg/media/catalog/product/cache/8d4e6327d79fd11192282459179cc69e/6/2/6224000065836makeit250ml.jpg,Avanti Extra Virgin Olive Oil - 250ml,,https://www.hyperone.com.eg/en/250-6224000065836,Salted Grocery,2026-06-09T14:22:06.406975+00:00,"{""uid"": ""ODQ2NQ==""}"
hyperone,61898,6221078769574,Imtenan Extra Virgin Olive Oil - 250ml,275.5,EGP,https://mcprod.hyperone.com.eg/media/catalog/product/cache/8d4e6327d79fd11192282459179cc69e/6/2/6221078769574d250ml.jpg,Imtenan Extra Virgin Olive Oil - 250ml,,https://www.hyperone.com.eg/en/250-6221078769574,Salted Grocery,2026-06-09T14:22:06.407127+00:00,"{""uid"": ""NjE4OTg=""}"
hyperone,59783,6223000473696,ISIS Extra Virgin Olive Oil - 250g,295.5,EGP,https://mcprod.hyperone.com.eg/media/catalog/product/cache/8d4e6327d79fd11192282459179cc69e/6/2/6223000473696-250-ml-n23.jpg,"cold pressed grown without the use of any chemical fertilizers or other chemicals, which makes the olives 'cleaner', safer and better tasting. An antioxidant and a source of beneficial fats Helps prevent heart disease, diabetes (type II) and strokes Good for Brain Health; Olive oil can reduce the risk of Alzheimer's disease and age-related dementia",,https://www.hyperone.com.eg/en/250-6223000473696,Salted Grocery,2026-06-09T14:22:06.408423+00:00,"{""uid"": ""NTk3ODM=""}"
hyperone,59576,6222003005712,ISIS Extra Virgin Olive Oil - 750ml,831.95,EGP,https://mcprod.hyperone.com.eg/media/catalog/product/cache/8d4e6327d79fd11192282459179cc69e/6/2/6222003005712_750ml---24.jpg,"Cold pressed, grown without the use of any chemical fertilizers or other chemicals, which makes the olives 'cleaner', safer and better tasting. An antioxidant and a source of beneficial fats Helps prevent heart disease, diabetes (type II) and strokes) Good for Brain Health Olive oil can reduce the risk of Alzheimer's disease and age-related dementia",,https://www.hyperone.com.eg/en/750-6222003005712,Salted Grocery,2026-06-09T14:22:06.409605+00:00,"{""uid"": ""NTk1NzY=""}"
hyperone,59573,6222003005705,ISiS Extra virgin Olive Oil - 500 ml,558.5,EGP,https://mcprod.hyperone.com.eg/media/catalog/product/cache/8d4e6327d79fd11192282459179cc69e/6/2/6222003005705-500ml-n23.jpg,"cold pressed grown without the use of any chemical fertilizers or other chemicals, which makes the olives 'cleaner', safer and better tasting. An antioxidant and a source of beneficial fats Helps prevent heart disease, diabetes (type II) and strokes) Good for Brain Health Olive oil can reduce the risk of Alzheimer's disease and age-related dementia",,https://www.hyperone.com.eg/en/500-6222003005705,Salted Grocery,2026-06-09T14:22:06.410612+00:00,"{""uid"": ""NTk1NzM=""}"
hyperone,251141,6221053000258,Safi Extra Virgin Olive Oil - 1L,577.5,EGP,https://mcprod.hyperone.com.eg/media/catalog/product/cache/8d4e6327d79fd11192282459179cc69e/6/2/6221053000258a500ml.jpg,Safi Extra Virgin Olive Oil - 1L,,https://www.hyperone.com.eg/en/1-6221053000258,Salted Grocery,2026-06-09T14:22:06.410746+00:00,"{""uid"": ""MjUxMTQx""}"
hyperone,251138,6224000244187,Spritz Spray Extra Virgin Olive Oil - 200ml,350,EGP,https://mcprod.hyperone.com.eg/media/catalog/product/cache/8d4e6327d79fd11192282459179cc69e/6/2/6224000244187d200ml.jpg,Spritz Spray Extra Virgin Olive Oil - 200ml,,https://www.hyperone.com.eg/en/200-6224000244187,Salted Grocery,2026-06-09T14:22:06.410848+00:00,"{""uid"": ""MjUxMTM4""}"
hyperone,8456,6224000065546,Avanti Extra Virgin Olive Oil - 500ml,325.5,EGP,https://mcprod.hyperone.com.eg/media/catalog/product/cache/8d4e6327d79fd11192282459179cc69e/6/2/6224000065546_1.png,Extra Virgin Olive Oil Acidity below 0.8% Cholestrol free,,https://www.hyperone.com.eg/en/500-6224000065546,Salted Grocery,2026-06-09T14:22:06.410982+00:00,"{""uid"": ""ODQ1Ng==""}"
hyperone,251132,6224009137671,Sun Garden Virgin Olive Oil - 250ml,210,EGP,https://mcprod.hyperone.com.eg/media/catalog/product/cache/8d4e6327d79fd11192282459179cc69e/6/2/6224009137671d250ml.jpg,Sun Garden Virgin Olive Oil - 250ml,,https://www.hyperone.com.eg/en/250-6224009137671,Salted Grocery,2026-06-09T14:22:06.411069+00:00,"{""uid"": ""MjUxMTMy""}"
hyperone,61769,8001876020033,Colavita Extra Virgin Olive Oil - 250ml,343.95,EGP,https://mcprod.hyperone.com.eg/media/catalog/product/cache/8d4e6327d79fd11192282459179cc69e/8/0/8001876020033_250ml.jpg,Extra virgin olive oil Product of Italy,,https://www.hyperone.com.eg/en/250-8001876020033,Salted Grocery,2026-06-09T14:22:06.411168+00:00,"{""uid"": ""NjE3Njk=""}"
hyperone,173609,6224000855345,Nuri Extra Virgin Olive Oil - 250ml,229.95,EGP,https://mcprod.hyperone.com.eg/media/catalog/product/cache/8d4e6327d79fd11192282459179cc69e/6/2/6224000855345d250m.jpg,Nuri Extra Virgin Olive Oil - 250ml,,https://www.hyperone.com.eg/en/250-6224000855345,Salted Grocery,2026-06-09T14:22:06.411250+00:00,"{""uid"": ""MTczNjA5""}"
hyperone,173612,6224000855352,Nuri Extra Virgin Olive Oil - 500ml,419.95,EGP,https://mcprod.hyperone.com.eg/media/catalog/product/cache/8d4e6327d79fd11192282459179cc69e/6/2/6224000855352l500m.jpg,Nuri Extra Virgin Olive Oil - 500ml,,https://www.hyperone.com.eg/en/500-6224000855352,Salted Grocery,2026-06-09T14:22:06.411330+00:00,"{""uid"": ""MTczNjEy""}"
hyperone,254570,6223006132023,Nuri Extra Virgin Olive Oil - 1L,769.95,EGP,https://mcprod.hyperone.com.eg/media/catalog/product/cache/8d4e6327d79fd11192282459179cc69e/6/2/6223006132023h1l.jpg,Nuri Extra Virgin Olive Oil - 1L,,https://www.hyperone.com.eg/en/1-6223006132023,Salted Grocery,2026-06-09T14:22:06.411405+00:00,"{""uid"": ""MjU0NTcw""}"
hyperone,251135,6224003281271,A.M.R Virgin Olive Oil - 500g + 250g Free,354.95,EGP,https://mcprod.hyperone.com.eg/media/catalog/product/cache/8d4e6327d79fd11192282459179cc69e/6/2/6224003281271d500ml.jpg,A.M.R Virgin Olive Oil - 500g + 250g Free,,https://www.hyperone.com.eg/en/amr-500-250-6224003281271,Salted Grocery,2026-06-09T14:22:06.411483+00:00,"{""uid"": ""MjUxMTM1""}"
hyperone,111615,6223000264508,Ganna Ghee - 700g,91.95,EGP,https://mcprod.hyperone.com.eg/media/catalog/product/cache/8d4e6327d79fd11192282459179cc69e/6/2/6223000264508_700g-.jpg,Ganna Ghee - 700g,,https://www.hyperone.com.eg/en/700-6223000264508,Salted Grocery,2026-06-09T14:22:06.411571+00:00,"{""uid"": ""MTExNjE1""}"
hyperone,59714,6223000263020,Ganna Vegan Ghee - 1.5K,173.75,EGP,https://mcprod.hyperone.com.eg/media/catalog/product/cache/8d4e6327d79fd11192282459179cc69e/6/2/6223000263020-1.5kg-.jpg,Ganna Vegan Ghee - 1.5K,,https://www.hyperone.com.eg/en/1500-6223000263020,Salted Grocery,2026-06-09T14:22:06.411644+00:00,"{""uid"": ""NTk3MTQ=""}"
hyperone,213544,9415007019374,Fern Pure Butter Ghee -700g,399,EGP,https://mcprod.hyperone.com.eg/media/catalog/product/cache/8d4e6327d79fd11192282459179cc69e/9/4/9415007019374_700_g---.jpg,Fern Pure Butter Ghee -700g,,https://www.hyperone.com.eg/en/700-9415007019374,Salted Grocery,2026-06-09T14:22:06.411719+00:00,"{""uid"": ""MjEzNTQ0""}"
hyperone,59900,6223001351481,Fern Pure Butter Ghee - 1.4K,793,EGP,https://mcprod.hyperone.com.eg/media/catalog/product/cache/8d4e6327d79fd11192282459179cc69e/6/2/6223001351481_-1400g--.jpg,Fern Pure Butter Ghee - 1.4K,,https://www.hyperone.com.eg/en/1400-6223001351481,Salted Grocery,2026-06-09T14:22:06.411794+00:00,"{""uid"": ""NTk5MDA=""}"
hyperone,250862,6222000553827,Crystal Ghee with Taste & Aroma Of Yellow Butter - 1.5Kg,181,EGP,https://mcprod.hyperone.com.eg/media/catalog/product/cache/8d4e6327d79fd11192282459179cc69e/6/2/6222000553827.jpg,Crystal Ghee with Taste & Aroma Of Yellow Butter - 1.5Kg,,https://www.hyperone.com.eg/en/1500-6222000553827,Salted Grocery,2026-06-09T14:22:06.411887+00:00,"{""uid"": ""MjUwODYy""}"
hyperone,69137,6223000264492,Rawaby Ghee - 700g,91.95,EGP,https://mcprod.hyperone.com.eg/media/catalog/product/cache/8d4e6327d79fd11192282459179cc69e/6/2/6223000264492_-700g-.jpg,Rawaby Ghee - 700g,,https://www.hyperone.com.eg/en/750-6223000264492,Salted Grocery,2026-06-09T14:22:06.411961+00:00,"{""uid"": ""NjkxMzc=""}"
hyperone,137986,6223000260197,Rawaby Keshta Ghee - 700g,91.95,EGP,https://mcprod.hyperone.com.eg/media/catalog/product/cache/8d4e6327d79fd11192282459179cc69e/6/2/6223000260197-700g-.jpg,Rawaby Keshta Ghee - 700g,,https://www.hyperone.com.eg/en/700-6223000260197,Salted Grocery,2026-06-09T14:22:06.412041+00:00,"{""uid"": ""MTM3OTg2""}"
hyperone,59717,6223000263051,Rawaby Ghee - 1.5K,173.75,EGP,https://mcprod.hyperone.com.eg/media/catalog/product/cache/8d4e6327d79fd11192282459179cc69e/6/2/6223000263051_1.5kgg_1_-.jpg,Rawaby Ghee - 1.5K,,https://www.hyperone.com.eg/en/1500-6223000263051,Salted Grocery,2026-06-09T14:22:06.412121+00:00,"{""uid"": ""NTk3MTc=""}"
hyperone,183158,6223000260203,Rawaby Keshta Ghee - 1.5K,173.75,EGP,https://mcprod.hyperone.com.eg/media/catalog/product/cache/8d4e6327d79fd11192282459179cc69e/6/2/6223000260203-_1.5kg.jpg,,,https://www.hyperone.com.eg/en/1500-6223000260203,Salted Grocery,2026-06-09T14:22:06.412138+00:00,"{""uid"": ""MTgzMTU4""}"
hyperone,8600,6224000405144,Sherraton Pure Butter Oil - 800 g,489.95,EGP,https://mcprod.hyperone.com.eg/media/catalog/product/cache/8d4e6327d79fd11192282459179cc69e/6/2/6224000405144-800--.jpg,Sherraton Pure Butter Oil - 800 g,,https://www.hyperone.com.eg/en/800-6224000405144,Salted Grocery,2026-06-09T14:22:06.412313+00:00,"{""uid"": ""ODYwMA==""}"
hyperone,8597,6224000405137,Sherraton Pure Butter Oil 1500 g,899.95,EGP,https://mcprod.hyperone.com.eg/media/catalog/product/cache/8d4e6327d79fd11192282459179cc69e/6/2/6224000405137.1.5png-.jpg,Sherraton Pure Butter Oil 1500 g,,https://www.hyperone.com.eg/en/1500-6224000405137,Salted Grocery,2026-06-09T14:22:06.412487+00:00,"{""uid"": ""ODU5Nw==""}"
hyperone,8222,6223004821592,Top Value Flaxseed Hot Oil - 500ml,134.953201,EGP,https://mcprod.hyperone.com.eg/media/catalog/product/cache/8d4e6327d79fd11192282459179cc69e/6/2/6223004821592_500ml.jpg,Fresh premium taste Cold pressed unrefined It acts as a dietary supplement with the omega acids that the body needs to strengthen immunity and fight diseases,,https://www.hyperone.com.eg/en/500-6223004821592,Salted Grocery,2026-06-09T14:22:06.412720+00:00,"{""uid"": ""ODIyMg==""}"
hyperone,8231,6223004821639,Top Value Pure Sesame Oil - 500 ml,222.949801,EGP,https://mcprod.hyperone.com.eg/media/catalog/product/cache/8d4e6327d79fd11192282459179cc69e/6/2/6223004821639-500ml.jpg,Top Value Pure Sesame Oil - 500 ml,,https://www.hyperone.com.eg/en/500-6223004821639,Salted Grocery,2026-06-09T14:22:06.412974+00:00,"{""uid"": ""ODIzMQ==""}"
hyperone,8225,6223004821615,Top Value Pure Sesame Oil - 250ml,139.946401,EGP,https://mcprod.hyperone.com.eg/media/catalog/product/cache/8d4e6327d79fd11192282459179cc69e/6/2/6223004821615_250ml.jpg,Top Value Pure Sesame Oil - 250 ml,,https://www.hyperone.com.eg/en/250-6223004821615,Salted Grocery,2026-06-09T14:22:06.413217+00:00,"{""uid"": ""ODIyNQ==""}"
hyperone,112692,6223004822117,Top Value Coconut Oil - 500ml + Top Value Flaxseed Oil - 250ml,289.947601,EGP,https://mcprod.hyperone.com.eg/media/catalog/product/cache/8d4e6327d79fd11192282459179cc69e/6/2/6223004822117.jpg,Top Value Coconut Oil - 500ml + Top Value Flaxseed Oil - 250ml,,https://www.hyperone.com.eg/en/500-250-6223004822117,Salted Grocery,2026-06-09T14:22:06.413903+00:00,"{""uid"": ""MTEyNjky""}"
hyperone,160549,6222004108238,Choice Flax Seed Oil - 250ml,104.503801,EGP,https://mcprod.hyperone.com.eg/media/catalog/product/cache/8d4e6327d79fd11192282459179cc69e/6/2/6222004108238ds250ml.jpg,Choice Flax Seed Oil - 250ml,,https://www.hyperone.com.eg/en/250-6222004108238,Salted Grocery,2026-06-09T14:22:06.414013+00:00,"{""uid"": ""MTYwNTQ5""}"
hyperone,226673,6223004821646,Top Value Flaxseed Oil - 250ml + Top Value Sesame Oil - 250ml,182.947201,EGP,https://mcprod.hyperone.com.eg/media/catalog/product/cache/8d4e6327d79fd11192282459179cc69e/6/2/6223004821646.jpg,Top Value Flaxseed Oil - 250ml + Top Value Sesame Oil - 250ml,,https://www.hyperone.com.eg/en/250-250-6223004821646,Salted Grocery,2026-06-09T14:22:06.414110+00:00,"{""uid"": ""MjI2Njcz""}"
hyperone,259499,6224000520007,El Mokhtar Fine White Salt - 300g,1.35,EGP,https://mcprod.hyperone.com.eg/media/catalog/product/cache/8d4e6327d79fd11192282459179cc69e/6/2/6224000520007a300g.jpg,,,https://www.hyperone.com.eg/en/300-6224000520007,Sugar & Salt,2026-06-09T14:22:08.215076+00:00,"{""uid"": ""MjU5NDk5""}"
hyperone,259505,6224003302211,Al Khair Fine White Salt - 1.8K,11.5,EGP,https://mcprod.hyperone.com.eg/media/catalog/product/cache/8d4e6327d79fd11192282459179cc69e/6/2/6224003302211a1800g.jpg,,,https://www.hyperone.com.eg/en/1800-6224003302211,Sugar & Salt,2026-06-09T14:22:08.215146+00:00,"{""uid"": ""MjU5NTA1""}"
hyperone,259508,6224007250488,Al Khair Fine White Salt - 900g,7.5,EGP,https://mcprod.hyperone.com.eg/media/catalog/product/cache/8d4e6327d79fd11192282459179cc69e/6/2/6224007250488a800g.jpg,,,https://www.hyperone.com.eg/en/800-6224007250488,Sugar & Salt,2026-06-09T14:22:08.215177+00:00,"{""uid"": ""MjU5NTA4""}"
hyperone,71315,6224007250112,Nour Fine White Salt - 350g,7.5,EGP,https://mcprod.hyperone.com.eg/media/catalog/product/cache/8d4e6327d79fd11192282459179cc69e/6/2/6224007250112a350g.jpg,,,https://www.hyperone.com.eg/en/400-6224007250112,Sugar & Salt,2026-06-09T14:22:08.215208+00:00,"{""uid"": ""NzEzMTU=""}"
hyperone,137212,6224008945017,Top Value Sugar - 1K,30.95,EGP,https://mcprod.hyperone.com.eg/media/catalog/product/cache/8d4e6327d79fd11192282459179cc69e/6/2/6224008945017dd.jpg,Top Value Sugar - 1K,,https://www.hyperone.com.eg/en/1-6224008945017,Made In Egypt,2026-06-09T14:22:08.215748+00:00,"{""uid"": ""MTM3MjEy""}"
hyperone,70763,6224000059064,Zamzam Sugar - 1K,31.45,EGP,https://mcprod.hyperone.com.eg/media/catalog/product/cache/8d4e6327d79fd11192282459179cc69e/6/2/6224000059064_-_1k-.jpg,Zamzam Sugar - 1K,,https://www.hyperone.com.eg/en/1-6224000059064,Sugar & Salt,2026-06-09T14:22:08.215962+00:00,"{""uid"": ""NzA3NjM=""}"
hyperone,96261,6223000660003,Al Doha Sugar - 1k,37.75,EGP,https://mcprod.hyperone.com.eg/media/catalog/product/cache/8d4e6327d79fd11192282459179cc69e/6/2/6223000660003-1k-1.jpg,Al Doha Sugar - 1k,,https://www.hyperone.com.eg/en/750-6223000660003,Sugar & Salt,2026-06-09T14:22:08.216224+00:00,"{""uid"": ""OTYyNjE=""}"
hyperone,69284,6223000662540,Al Doha Powdered Sugar - 500g,41.5,EGP,https://mcprod.hyperone.com.eg/media/catalog/product/cache/8d4e6327d79fd11192282459179cc69e/6/2/6223000662540d500g.jpg,,,https://www.hyperone.com.eg/en/500-6223000662540,Sugar & Salt,2026-06-09T14:22:08.216261+00:00,"{""uid"": ""NjkyODQ=""}"
hyperone,69281,6223000662502,Al Doha Powdered Sugar - 1K,78.5,EGP,https://mcprod.hyperone.com.eg/media/catalog/product/cache/8d4e6327d79fd11192282459179cc69e/6/2/6223000662502f1kk.jpg,,,https://www.hyperone.com.eg/en/1-6223000662502,Sugar & Salt,2026-06-09T14:22:08.216290+00:00,"{""uid"": ""NjkyODE=""}"
hyperone,70766,6224000059088,Zamzam Powdered Sugar -1K,49.95,EGP,https://mcprod.hyperone.com.eg/media/catalog/product/cache/8d4e6327d79fd11192282459179cc69e/6/2/6224000059088d1kg.jpg,Zamzam Powdered Sugar -1K,,https://www.hyperone.com.eg/en/1-6224000059088,Sugar & Salt,2026-06-09T14:22:08.216446+00:00,"{""uid"": ""NzA3NjY=""}"
hyperone,63344,6224001027123,Star White Sugar Cubes - 1K,74.5,EGP,https://mcprod.hyperone.com.eg/media/catalog/product/cache/8d4e6327d79fd11192282459179cc69e/6/2/6224001027123-1k.jpg,Star White Sugar Cubes - 1K,,https://www.hyperone.com.eg/en/1-6224001027123,Sugar & Salt,2026-06-09T14:22:08.216579+00:00,"{""uid"": ""NjMzNDQ=""}"
hyperone,63347,6224001027161,Star White Sugar - 5g x 120 Sachets,57.5,EGP,https://mcprod.hyperone.com.eg/media/catalog/product/cache/8d4e6327d79fd11192282459179cc69e/6/2/6224001027161-120_sachets.jpg,Star White Sugar - 5g x 120 Sachets,,https://www.hyperone.com.eg/en/5-120-6224001027161,Sugar & Salt,2026-06-09T14:22:08.216789+00:00,"{""uid"": ""NjMzNDc=""}"
hyperone,63404,6224007250402,Rich Natural Fine Sea Salt - 1K,26.95,EGP,https://mcprod.hyperone.com.eg/media/catalog/product/cache/8d4e6327d79fd11192282459179cc69e/6/2/6224007250402-01.jpg,Rich Natural Fine Sea Salt - 1K,,https://www.hyperone.com.eg/en/1000-6224007250402,Sugar & Salt,2026-06-09T14:22:08.216992+00:00,"{""uid"": ""NjM0MDQ=""}"
hyperone,224211,2010400022876,Top Value Fine White Salt - 500g,4.95,EGP,https://mcprod.hyperone.com.eg/media/catalog/product/cache/8d4e6327d79fd11192282459179cc69e/2/0/2010400022876a500g.jpg,Top Value Fine White Salt - 500g,,https://www.hyperone.com.eg/en/500-2010400022876,Sugar & Salt,2026-06-09T14:22:08.217149+00:00,"{""uid"": ""MjI0MjEx""}"
hyperone,203099,2010400022869,Top Value Fine White Salt -1K,8.95,EGP,https://mcprod.hyperone.com.eg/media/catalog/product/cache/8d4e6327d79fd11192282459179cc69e/2/0/2010400022869d1kg.jpg,Top Value Fine White Salt -1K,,https://www.hyperone.com.eg/en/1-2010400022869,Sugar & Salt,2026-06-09T14:22:08.217406+00:00,"{""uid"": ""MjAzMDk5""}"
hyperone,191426,6224000520137,Al Hawary Fine White Salt - 500g,2.5,EGP,https://mcprod.hyperone.com.eg/media/catalog/product/cache/8d4e6327d79fd11192282459179cc69e/6/2/6224000520137-500g-n23.jpg,Al Hawary Fine White Salt - 500g,,https://www.hyperone.com.eg/en/500-6224000520137,Sugar & Salt,2026-06-09T14:22:08.217608+00:00,"{""uid"": ""MTkxNDI2""}"
hyperone,63392,6224007250020,Nour Sea Salt - 700g,18.5,EGP,https://mcprod.hyperone.com.eg/media/catalog/product/cache/8d4e6327d79fd11192282459179cc69e/6/2/6224007250020-01.jpg,Nour Sea Salt - 700g,,https://www.hyperone.com.eg/en/700-6224007250020,Sugar & Salt,2026-06-09T14:22:08.217765+00:00,"{""uid"": ""NjMzOTI=""}"
hyperone,216994,6224007250280,Alkhair Fine White Salt - 700g,16.95,EGP,https://mcprod.hyperone.com.eg/media/catalog/product/cache/8d4e6327d79fd11192282459179cc69e/6/2/6224007250280-01.jpg,Alkhair Fine White Salt - 700g,,https://www.hyperone.com.eg/en/700-6224007250280,Sugar & Salt,2026-06-09T14:22:08.217910+00:00,"{""uid"": ""MjE2OTk0""}"
hyperone,203102,2010400022883,Top Value Fine White Salt - 700g,11.95,EGP,https://mcprod.hyperone.com.eg/media/catalog/product/cache/8d4e6327d79fd11192282459179cc69e/2/0/2010400022883d700g.jpg,Top Value Fine White Salt - 700g,,https://www.hyperone.com.eg/en/700-2010400022883,Sugar & Salt,2026-06-09T14:22:08.218294+00:00,"{""uid"": ""MjAzMTAy""}"
hyperone,185483,6223001030508,Cook's Fine White Salt 700g,14.95,EGP,https://mcprod.hyperone.com.eg/media/catalog/product/cache/8d4e6327d79fd11192282459179cc69e/6/2/6223001030508.jpg,Cook's Fine White Salt 700g,,https://www.hyperone.com.eg/en/700-6223001030508,Sugar & Salt,2026-06-09T14:22:08.218435+00:00,"{""uid"": ""MTg1NDgz""}"
hyperone,69437,6223001030478,Cook's Fine White Salt - 200g,6.5,EGP,https://mcprod.hyperone.com.eg/media/catalog/product/cache/8d4e6327d79fd11192282459179cc69e/6/2/6223001030478.jpg,Egyptian sea salt Great source of sodium to maintain iodine levels in the body,,https://www.hyperone.com.eg/en/200-6223001030478,Sugar & Salt,2026-06-09T14:22:08.218671+00:00,"{""uid"": ""Njk0Mzc=""}"
hyperone,71321,6224007250259,Dr.Salt Low Sodium Salt - 160g,19.5,EGP,https://mcprod.hyperone.com.eg/media/catalog/product/cache/8d4e6327d79fd11192282459179cc69e/6/2/6224007250259-01.jpg,Dr.Salt Low Sodium Salt - 160g,,https://www.hyperone.com.eg/en/160-6224007250259,Sugar & Salt,2026-06-09T14:22:08.218811+00:00,"{""uid"": ""NzEzMjE=""}"
hyperone,71318,6224007250129,Dr.Salt Low Sodium Salt - 400g,59.5,EGP,https://mcprod.hyperone.com.eg/media/catalog/product/cache/8d4e6327d79fd11192282459179cc69e/6/2/6224007250129-01.jpg,Dr.Salt Low Sodium Salt - 400g,,https://www.hyperone.com.eg/en/400-6224007250129,Sugar & Salt,2026-06-09T14:22:08.218991+00:00,"{""uid"": ""NzEzMTg=""}"
hyperone,63395,6224007250082,Dr.Salt Low Sodium Salt - 200g,20.5,EGP,https://mcprod.hyperone.com.eg/media/catalog/product/cache/8d4e6327d79fd11192282459179cc69e/6/2/6224007250082-01.jpg,Dr.Salt Low Sodium Salt - 200g,,https://www.hyperone.com.eg/en/200-6224007250082,Sugar & Salt,2026-06-09T14:22:08.219111+00:00,"{""uid"": ""NjMzOTU=""}"
hyperone,63338,6224001027055,Star Brown Sugar -250g,31.75,EGP,https://mcprod.hyperone.com.eg/media/catalog/product/cache/8d4e6327d79fd11192282459179cc69e/6/2/6224001027055-250g.jpg,Star Brown Sugar -250g,,https://www.hyperone.com.eg/en/250-6224001027055,Sugar & Salt,2026-06-09T14:22:08.219229+00:00,"{""uid"": ""NjMzMzg=""}"
hyperone,63353,6224001027253,Star Brown Sugar Cubes - 500g,45.75,EGP,https://mcprod.hyperone.com.eg/media/catalog/product/cache/8d4e6327d79fd11192282459179cc69e/6/2/6224001027253ds500g.jpg,Star Brown Sugar Cubes - 500g,,https://www.hyperone.com.eg/en/500-6224001027253,Sugar & Salt,2026-06-09T14:22:08.219359+00:00,"{""uid"": ""NjMzNTM=""}"
hyperone,60806,6224001027147,Star Brown Sugar Cubes - 1K,87.5,EGP,https://mcprod.hyperone.com.eg/media/catalog/product/cache/8d4e6327d79fd11192282459179cc69e/6/2/6224001027147-1k.jpg,Star Brown Sugar Cubes - 1K,,https://www.hyperone.com.eg/en/1-6224001027147,Sugar & Salt,2026-06-09T14:22:08.219467+00:00,"{""uid"": ""NjA4MDY=""}"
hyperone,241199,6224000038922,Safety Misr Brown Sugar - 250g,31.45,EGP,https://mcprod.hyperone.com.eg/media/catalog/product/cache/8d4e6327d79fd11192282459179cc69e/6/2/6224000038922a250g.jpg,Safety Misr Brown Sugar - 250g,,https://www.hyperone.com.eg/en/250-6224000038922,Sugar & Salt,2026-06-09T14:22:08.219611+00:00,"{""uid"": ""MjQxMTk5""}"
hyperone,241196,6224000038847,Safety Misr Brown Sugar - 500g,48.95,EGP,https://mcprod.hyperone.com.eg/media/catalog/product/cache/8d4e6327d79fd11192282459179cc69e/6/2/6224000038847a500g_2.jpg,Safety Misr Brown Sugar - 500g,,https://www.hyperone.com.eg/en/500-6224000038847,Sugar & Salt,2026-06-09T14:22:08.219772+00:00,"{""uid"": ""MjQxMTk2""}"
hyperone,241193,6224000038816,Safety Misr Brown Sugar - 750g,77.5,EGP,https://mcprod.hyperone.com.eg/media/catalog/product/cache/8d4e6327d79fd11192282459179cc69e/6/2/6224000038816a750g.jpg,Safety Misr Brown Sugar - 750g,,https://www.hyperone.com.eg/en/750-6224000038816,Sugar & Salt,2026-06-09T14:22:08.219951+00:00,"{""uid"": ""MjQxMTkz""}"
hyperone,241163,6224000038106,Safety Misr Fructose Sugar - 450g,124.95,EGP,https://mcprod.hyperone.com.eg/media/catalog/product/cache/8d4e6327d79fd11192282459179cc69e/6/2/6224000038106a450g.jpg,Safety Misr Fructose Sugar - 450g,,https://www.hyperone.com.eg/en/450-6224000038106,Sugar & Salt,2026-06-09T14:22:08.220085+00:00,"{""uid"": ""MjQxMTYz""}"
hyperone,165160,6224008622239,Sweetal Stevia Diet Sugar - 250g,169.996801,EGP,https://mcprod.hyperone.com.eg/media/catalog/product/cache/8d4e6327d79fd11192282459179cc69e/6/2/6224008622239_250g.jpg,Sweetal Stevia Diet Sugar - 250g,,https://www.hyperone.com.eg/en/250-6224008622239,Sugar & Salt,2026-06-09T14:22:08.220271+00:00,"{""uid"": ""MTY1MTYw""}"
hyperone,9422,6225000047716,Sweetal Diet Sugar Powder - 250g,169.996801,EGP,https://mcprod.hyperone.com.eg/media/catalog/product/cache/8d4e6327d79fd11192282459179cc69e/6/2/6225000047716.7-_.jpg,Sweetal Diet Sugar Powder - 250g,,https://www.hyperone.com.eg/en/250-6225000047716,Sugar & Salt,2026-06-09T14:22:08.221165+00:00,"{""uid"": ""OTQyMg==""}"
hyperone,106941,6225000047709,Sweetal Diet Sugar - 2g x 50 Sachets,94.996201,EGP,https://mcprod.hyperone.com.eg/media/catalog/product/cache/8d4e6327d79fd11192282459179cc69e/6/2/6225000047709_50bags_1.jpg,Sweetal Diet Sugar - 2g x 50 Sachets,,https://www.hyperone.com.eg/en/2-50-6225000047709,Sugar & Salt,2026-06-09T14:22:08.221361+00:00,"{""uid"": ""MTA2OTQx""}"
hyperone,9425,6225000047730,Sweetal Diet Sugar - 100 Tablets,90.003001,EGP,https://mcprod.hyperone.com.eg/media/catalog/product/cache/8d4e6327d79fd11192282459179cc69e/6/2/6225000047730._-1.jpg,Sweetal Diet Sugar - 100 Tablets,,https://www.hyperone.com.eg/en/100-6225000047730,Sugar & Salt,2026-06-09T14:22:08.222336+00:00,"{""uid"": ""OTQyNQ==""}"
hyperone,9473,6225000177840,Sweetal Sticks Diet Sugar - 1g x 25 Sticks,40.002601,EGP,https://mcprod.hyperone.com.eg/media/catalog/product/cache/8d4e6327d79fd11192282459179cc69e/6/2/6225000177840.7.jpg,Sweetal Sticks Diet Sugar - 1g x 25 Sticks,,https://www.hyperone.com.eg/en/1-25-6225000177840,Sugar & Salt,2026-06-09T14:22:08.222646+00:00,"{""uid"": ""OTQ3Mw==""}"
hyperone,241166,6224000038144,Safety Misr Sweet Sugar - 24 Pieces,29.95,EGP,https://mcprod.hyperone.com.eg/media/catalog/product/cache/8d4e6327d79fd11192282459179cc69e/6/2/6224000038144a24pieces.jpg,Safety Misr Sweet Sugar - 24 Pieces,,https://www.hyperone.com.eg/en/1-24-6224000038144,Sugar & Salt,2026-06-09T14:22:08.222777+00:00,"{""uid"": ""MjQxMTY2""}"
hyperone,185432,6223000911341,Sugar Match Free of Calories Sweetener - 75 Sachets,84.952801,EGP,https://mcprod.hyperone.com.eg/media/catalog/product/cache/8d4e6327d79fd11192282459179cc69e/6/2/6223000911341.2-1.jpg,Sugar Match Free of Calories Sweetener - 75 Sachets,,https://www.hyperone.com.eg/en/75-6223000911341,Sugar & Salt,2026-06-09T14:22:08.222909+00:00,"{""uid"": ""MTg1NDMy""}"
hyperone,185414,6223000910689,Sugar Match No Calorie Sweetener - 50 Sachets,84.952801,EGP,https://mcprod.hyperone.com.eg/media/catalog/product/cache/8d4e6327d79fd11192282459179cc69e/6/2/6223000910689.1-1.jpg,Sugar Match No Calorie Sweetener - 50 Sachets,,https://www.hyperone.com.eg/en/50-6223000910689,Sugar & Salt,2026-06-09T14:22:08.223073+00:00,"{""uid"": ""MTg1NDE0""}"
hyperone,24683,6223000911037,Sugar Match Free of Calories Sweetener - 300 Sachets,284.954401,EGP,https://mcprod.hyperone.com.eg/media/catalog/product/cache/8d4e6327d79fd11192282459179cc69e/6/2/6223000911037-1.png,Sugar Match Free of Calories Sweetener - 300 Sachets,,https://www.hyperone.com.eg/en/300-6223000911037,Sugar & Salt,2026-06-09T14:22:08.223189+00:00,"{""uid"": ""MjQ2ODM=""}"
hyperone,241172,6224000038236,Safety Misr Fructose Sugar - 250g,68.45,EGP,https://mcprod.hyperone.com.eg/media/catalog/product/cache/8d4e6327d79fd11192282459179cc69e/6/2/6224000038236changeto250g.jpg,Safety Misr Fructose Sugar - 250g,,https://www.hyperone.com.eg/en/250-6224000038236,Sugar & Salt,2026-06-09T14:22:08.223315+00:00,"{""uid"": ""MjQxMTcy""}"
hyperone,185453,6223000911723,Sugar Match Sucralose No Calorie Sweetener - 50 Sachets,78.945001,EGP,https://mcprod.hyperone.com.eg/media/catalog/product/cache/8d4e6327d79fd11192282459179cc69e/6/2/6223000911723-1-1.jpg,Sugar Match Sucralose No Calorie Sweetener - 50 Sachets,,https://www.hyperone.com.eg/en/50-6223000911723,Sugar & Salt,2026-06-09T14:22:08.223443+00:00,"{""uid"": ""MTg1NDUz""}"
hyperone,184199,6223000911044,Sugar Match No Calorie Sweetener - 200 Sachets,284.954401,EGP,https://mcprod.hyperone.com.eg/media/catalog/product/cache/8d4e6327d79fd11192282459179cc69e/6/2/6223000911044-1.png,Sugar Match No Calorie Sweetener - 200 Sachets,,https://www.hyperone.com.eg/en/2-200-6223000911044,Sugar & Salt,2026-06-09T14:22:08.223558+00:00,"{""uid"": ""MTg0MTk5""}"
hyperone,8045,6223004400278,Sweet & Slim No Calorie Sweetener - 50 Sachets,79.446601,EGP,https://mcprod.hyperone.com.eg/media/catalog/product/cache/8d4e6327d79fd11192282459179cc69e/6/2/6223004400278.3.jpg,Sweet & Slim No Calorie Sweetener - 50 Sachets,,https://www.hyperone.com.eg/en/50-6223004400278,Sugar & Salt,2026-06-09T14:22:08.223863+00:00,"{""uid"": ""ODA0NQ==""}"
hyperone,216991,6224007250440,Oujaj Himalayan Pink Fine Salt - 500g,37.5,EGP,https://mcprod.hyperone.com.eg/media/catalog/product/cache/8d4e6327d79fd11192282459179cc69e/6/2/6224007250440-01.jpg,Oujaj Himalayan Pink Fine Salt - 500g,,https://www.hyperone.com.eg/en/500-6224007250440,Sugar & Salt,2026-06-09T14:22:08.223982+00:00,"{""uid"": ""MjE2OTkx""}"
hyperone,259517,6224010529328,Sadeem Vinegar - 900ml,14.945401,EGP,https://mcprod.hyperone.com.eg/media/catalog/product/cache/8d4e6327d79fd11192282459179cc69e/6/2/6224010529328a900ml.jpg,,,https://www.hyperone.com.eg/en/900-6224010529328,Salted Grocery,2026-06-09T14:22:09.535379+00:00,"{""uid"": ""MjU5NTE3""}"
hyperone,227084,6223001641674,Top Value Vinegar - 1L,15.948601,EGP,https://mcprod.hyperone.com.eg/media/catalog/product/cache/8d4e6327d79fd11192282459179cc69e/6/2/6223001641674.jpg,Top Value Vinegar - 1L,,https://www.hyperone.com.eg/en/1-6223001641674,Salted Grocery,2026-06-09T14:22:09.535961+00:00,"{""uid"": ""MjI3MDg0""}"
hyperone,69407,6223000761762,Harvest White Vinegar - 1L,16.951801,EGP,https://mcprod.hyperone.com.eg/media/catalog/product/cache/8d4e6327d79fd11192282459179cc69e/6/2/6223000761762d1l.jpg,Harvest White Vinegar - 1L,,https://www.hyperone.com.eg/en/1-6223000761762,Salted Grocery,2026-06-09T14:22:09.536143+00:00,"{""uid"": ""Njk0MDc=""}"
hyperone,22760,6221033175914,Heinz Natural Vinegar - 1L,22.252801,EGP,https://mcprod.hyperone.com.eg/media/catalog/product/cache/8d4e6327d79fd11192282459179cc69e/6/2/6221033175914-1l.-n23.jpg,Heinz Natural Vinegar - 1L,,https://www.hyperone.com.eg/en/1-6221033175914,Salted Grocery,2026-06-09T14:22:09.536283+00:00,"{""uid"": ""MjI3NjA=""}"
hyperone,63539,6224007719046,Giardino Natural Vinegar - 1L,21.945001,EGP,https://mcprod.hyperone.com.eg/media/catalog/product/cache/8d4e6327d79fd11192282459179cc69e/6/2/6224007719046_1l.-n23.jpg,Giardino Natural Vinegar - 1L,,https://www.hyperone.com.eg/en/1-6224007719046,Salted Grocery,2026-06-09T14:22:09.536415+00:00,"{""uid"": ""NjM1Mzk=""}"
hyperone,169560,6224008467908,Don Lopez White Vinegar - 900g,21.945001,EGP,https://mcprod.hyperone.com.eg/media/catalog/product/cache/8d4e6327d79fd11192282459179cc69e/6/2/6224008467908-900g-n23.jpg,"For salad dressings, pickles, and sauces Antiseptic and disinfectant qualities significantly extend its uses",,https://www.hyperone.com.eg/en/900-6224008467908,Salted Grocery,2026-06-09T14:22:09.536707+00:00,"{""uid"": ""MTY5NTYw""}"
hyperone,69035,6223000192924,Wadi Food Apple Vinegar - 250ml,58.949401,EGP,https://mcprod.hyperone.com.eg/media/catalog/product/cache/8d4e6327d79fd11192282459179cc69e/b/c/bcfc49c987b94d1ff56e1daba3f1888c.jpg,Wadi Food Apple Vinegar - 250ml,,https://www.hyperone.com.eg/en/250-6223000192924,Salted Grocery,2026-06-09T14:22:09.536965+00:00,"{""uid"": ""NjkwMzU=""}"
hyperone,185198,6223000190296,Wadi Food Balsamic Grape Vinegar - 250ml,84.952801,EGP,https://mcprod.hyperone.com.eg/media/catalog/product/cache/8d4e6327d79fd11192282459179cc69e/6/2/6223000190296_250ml-n23-1.jpg,Wadi Food Balsamic Grape Vinegar - 250ml,,https://www.hyperone.com.eg/en/250-6223000190296,Salted Grocery,2026-06-09T14:22:09.537123+00:00,"{""uid"": ""MTg1MTk4""}"
hyperone,187031,6223000194881,Wadi Food Apple Cider Vinegar - 500ml,74.499001,EGP,https://mcprod.hyperone.com.eg/media/catalog/product/cache/8d4e6327d79fd11192282459179cc69e/6/2/6223000194881-500ml.jpg,Wadi Food Apple Cider Vinegar - 500ml,,https://www.hyperone.com.eg/en/500-6223000194881,Salted Grocery,2026-06-09T14:22:09.537262+00:00,"{""uid"": ""MTg3MDMx""}"
hyperone,8576,6224000342296,Top Value Apple Cider Vinegar - 250ml,34.952401,EGP,https://mcprod.hyperone.com.eg/media/catalog/product/cache/8d4e6327d79fd11192282459179cc69e/6/2/6224000342296_250ml-n23.jpg,Top Value Apple Cider Vinegar - 250ml,,https://www.hyperone.com.eg/en/250-6224000342296,Salted Grocery,2026-06-09T14:22:09.537457+00:00,"{""uid"": ""ODU3Ng==""}"
hyperone,8573,6224000342289,Top Value Apple Cider Vinegar - 500ml,45.953401,EGP,https://mcprod.hyperone.com.eg/media/catalog/product/cache/8d4e6327d79fd11192282459179cc69e/6/2/6224000342289_500ml-n23_1.jpg,Top Value Apple Cider Vinegar - 500ml,,https://www.hyperone.com.eg/en/500-6224000342289,Salted Grocery,2026-06-09T14:22:09.537626+00:00,"{""uid"": ""ODU3Mw==""}"
hyperone,63974,6224008756040,Dobella Apple Cider Vinegar- 250ml,30.495001,EGP,https://mcprod.hyperone.com.eg/media/catalog/product/cache/8d4e6327d79fd11192282459179cc69e/6/2/6224008756040-250ml.jpg,Dobella Apple Cider Vinegar- 250ml,,https://www.hyperone.com.eg/en/250-6224008756040,Salted Grocery,2026-06-09T14:22:09.537754+00:00,"{""uid"": ""NjM5NzQ=""}"
hyperone,61304,623695000461,Yamama Apple Vinegar - 750ml,222.949801,EGP,https://mcprod.hyperone.com.eg/media/catalog/product/cache/8d4e6327d79fd11192282459179cc69e/6/2/623695000461d750ml.jpg,Yamama Apple Vinegar - 750ml,,https://www.hyperone.com.eg/en/750-623695000461,Salted Grocery,2026-06-09T14:22:09.537873+00:00,"{""uid"": ""NjEzMDQ=""}"
hyperone,209045,8413481030046,M Busto Apple Cider Vinegar - 500ml,225.503401,EGP,https://mcprod.hyperone.com.eg/media/catalog/product/cache/8d4e6327d79fd11192282459179cc69e/8/4/8413481030046-500ml_1.jpg,M Busto Apple Cider Vinegar - 500ml,,https://www.hyperone.com.eg/en/500-8413481030046,Salted Grocery,2026-06-09T14:22:09.538001+00:00,"{""uid"": ""MjA5MDQ1""}"
hyperone,160570,6222004111436,Choice Apple Vinegar - 250ml,42.955201,EGP,https://mcprod.hyperone.com.eg/media/catalog/product/cache/8d4e6327d79fd11192282459179cc69e/6/2/6222004111436b-1.jpg,Choice Apple Vinegar - 250ml,,https://www.hyperone.com.eg/en/250-6222004111436,Salted Grocery,2026-06-09T14:22:09.538169+00:00,"{""uid"": ""MTYwNTcw""}"
hyperone,43702,6223004822674,Top Value Grape Vinegar - 250ml,40.948801,EGP,https://mcprod.hyperone.com.eg/media/catalog/product/cache/8d4e6327d79fd11192282459179cc69e/6/2/6223004822674_250ml.jpg,Top Value Grape Vinegar - 250ml,,https://www.hyperone.com.eg/en/250-6223004822674,Salted Grocery,2026-06-09T14:22:09.538331+00:00,"{""uid"": ""NDM3MDI=""}"
hyperone,68012,6221022110681,Regina Pipe Pasta - 400g,27.496801,EGP,https://mcprod.hyperone.com.eg/media/catalog/product/cache/8d4e6327d79fd11192282459179cc69e/6/2/6221022110681a400g.jpg,,,https://www.hyperone.com.eg/en/400-6221022110681,Pasta,2026-06-09T14:22:11.076320+00:00,"{""uid"": ""NjgwMTI=""}"
hyperone,190856,6224009197088,Lametna Penne Pasta - 400,15,EGP,https://mcprod.hyperone.com.eg/media/catalog/product/cache/8d4e6327d79fd11192282459179cc69e/6/2/6224009197088a400g.jpg,,,https://www.hyperone.com.eg/en/400-6224009197088,Salted Grocery,2026-06-09T14:22:11.076359+00:00,"{""uid"": ""MTkwODU2""}"
hyperone,190862,6224009197125,Lametna Vermicelli Pasta - 400g,15,EGP,https://mcprod.hyperone.com.eg/media/catalog/product/cache/8d4e6327d79fd11192282459179cc69e/6/2/6224009197125a400g.jpg,,,https://www.hyperone.com.eg/en/400-6224009197125,Salted Grocery,2026-06-09T14:22:11.076374+00:00,"{""uid"": ""MTkwODYy""}"
hyperone,190871,6224009197071,Lametna Spaghetti Pasta - 400g,15,EGP,https://mcprod.hyperone.com.eg/media/catalog/product/cache/8d4e6327d79fd11192282459179cc69e/6/2/6224009197071a400g.jpg,Lametna Spaghetti Pasta 400g,,https://www.hyperone.com.eg/en/400-6224009197071,Salted Grocery,2026-06-09T14:22:11.076708+00:00,"{""uid"": ""MTkwODcx""}"
hyperone,259451,6221022002078,Regina Rigatoni Pasta - 400g,27.496801,EGP,https://mcprod.hyperone.com.eg/media/catalog/product/cache/8d4e6327d79fd11192282459179cc69e/6/2/6221022002078a400g.jpg,,,https://www.hyperone.com.eg/en/400-6221022002078,Salted Grocery,2026-06-09T14:22:11.076730+00:00,"{""uid"": ""MjU5NDUx""}"
hyperone,206981,6221022001101,Masreya Spaghetti Pasta - 500g,22.503601,EGP,https://mcprod.hyperone.com.eg/media/catalog/product/cache/8d4e6327d79fd11192282459179cc69e/6/2/6221022001101a500g.jpg,,,https://www.hyperone.com.eg/en/500-6221022001101,Salted Grocery,2026-06-09T14:22:11.076747+00:00,"{""uid"": ""MjA2OTgx""}"
hyperone,206978,6221022000623,Masreya Vermicelli Pasta - 500g,22.503601,EGP,https://mcprod.hyperone.com.eg/media/catalog/product/cache/8d4e6327d79fd11192282459179cc69e/6/2/6221022000623a400g.jpg,,,https://www.hyperone.com.eg/en/500-6221022000623,Salted Grocery,2026-06-09T14:22:11.076761+00:00,"{""uid"": ""MjA2OTc4""}"
hyperone,206957,6221022000555,Masreya Penne Pasta - 500g,22.503601,EGP,https://mcprod.hyperone.com.eg/media/catalog/product/cache/8d4e6327d79fd11192282459179cc69e/6/2/6221022000555a500g.jpg,,,https://www.hyperone.com.eg/en/500-6221022000555,Salted Grocery,2026-06-09T14:22:11.076776+00:00,"{""uid"": ""MjA2OTU3""}"
hyperone,254174,6223001514503,El Maleka Meloky Penne Pasta - 400g,15,EGP,https://mcprod.hyperone.com.eg/media/catalog/product/cache/8d4e6327d79fd11192282459179cc69e/6/2/6223001514503a400g.jpg,,,https://www.hyperone.com.eg/en/400-6223001514503,Salted Grocery,2026-06-09T14:22:11.076793+00:00,"{""uid"": ""MjU0MTc0""}"
hyperone,68030,6221022111459,Star Penne Pasta - 400g,16.5,EGP,https://mcprod.hyperone.com.eg/media/catalog/product/cache/8d4e6327d79fd11192282459179cc69e/6/2/6221022111459a400g.jpg,,,https://www.hyperone.com.eg/en/400-6221022111459,Salted Grocery,2026-06-09T14:22:11.076808+00:00,"{""uid"": ""NjgwMzA=""}"
hyperone,259493,6223001514565,El Maleka Meloky Spaghetti Pasta - 400g,15,EGP,https://mcprod.hyperone.com.eg/media/catalog/product/cache/8d4e6327d79fd11192282459179cc69e/6/2/6223001514565a400g.jpg,,,https://www.hyperone.com.eg/en/400-6223001514565,Salted Grocery,2026-06-09T14:22:11.076826+00:00,"{""uid"": ""MjU5NDkz""}"
hyperone,259487,6223001514541,El Maleka Meloky Vermicelli - 400g,15,EGP,https://mcprod.hyperone.com.eg/media/catalog/product/cache/8d4e6327d79fd11192282459179cc69e/6/2/6223001514541a400g.jpg,,,https://www.hyperone.com.eg/en/400-6223001514541,Salted Grocery,2026-06-09T14:22:11.076842+00:00,"{""uid"": ""MjU5NDg3""}"
hyperone,259490,6223001514558,El Maleka Meloky Risoni Pasta - 400g,15,EGP,https://mcprod.hyperone.com.eg/media/catalog/product/cache/8d4e6327d79fd11192282459179cc69e/6/2/6223001514558a400g.jpg,,,https://www.hyperone.com.eg/en/400-6223001514558,Salted Grocery,2026-06-09T14:22:11.076857+00:00,"{""uid"": ""MjU5NDkw""}"
hyperone,259484,6223001514534,El Maleka Meloky Elbow Pasta - 400g,15,EGP,https://mcprod.hyperone.com.eg/media/catalog/product/cache/8d4e6327d79fd11192282459179cc69e/6/2/6223001514534a400g.jpg,,,https://www.hyperone.com.eg/en/400-6223001514534,Salted Grocery,2026-06-09T14:22:11.076872+00:00,"{""uid"": ""MjU5NDg0""}"
hyperone,259481,6223001514527,El Maleka Meloky Small Rings Pasta - 400g,15,EGP,https://mcprod.hyperone.com.eg/media/catalog/product/cache/8d4e6327d79fd11192282459179cc69e/6/2/6223001514527a400g.jpg,,,https://www.hyperone.com.eg/en/400-6223001514527,Salted Grocery,2026-06-09T14:22:11.076887+00:00,"{""uid"": ""MjU5NDgx""}"
hyperone,259478,6223001514510,El Maleka Meloky Big Rings Pasta - 400g,15,EGP,https://mcprod.hyperone.com.eg/media/catalog/product/cache/8d4e6327d79fd11192282459179cc69e/6/2/6223001514510a400g.jpg,,,https://www.hyperone.com.eg/en/400-6223001514510,Salted Grocery,2026-06-09T14:22:11.076903+00:00,"{""uid"": ""MjU5NDc4""}"
hyperone,249347,2010400028656,Béchamel Pasta Ingredients,494.999401,EGP,https://mcprod.hyperone.com.eg/media/catalog/product/cache/8d4e6327d79fd11192282459179cc69e/2/0/2010400028656dd.jpg,Béchamel Pasta Ingredients : Fresh Farm Minced Meat - 600g El Maleka Penne Pasta - 400g Juhayna Full Cream Milk - 1L Top Value Mixed Oil - 2.25L Juhayna Tomato Puree - 500g Top Value Fine White Salt - 500g Maggi Bechamel Mix - 70g,,https://www.hyperone.com.eg/en/2010400028656,Salted Grocery,2026-06-09T14:22:11.077195+00:00,"{""uid"": ""MjQ5MzQ3""}"
hyperone,63875,6224008559061,Hawa Risoni - 400g,15.25,EGP,https://mcprod.hyperone.com.eg/media/catalog/product/cache/8d4e6327d79fd11192282459179cc69e/6/2/6224008559061_400g_risoni_2_.jpg,Hawa Risoni - 400g,,https://www.hyperone.com.eg/en/400-6224008559061,Salted Grocery,2026-06-09T14:22:11.077298+00:00,"{""uid"": ""NjM4NzU=""}"
hyperone,233027,6224008559078,Hawa Vermicelli - 400g,15.25,EGP,https://mcprod.hyperone.com.eg/media/catalog/product/cache/8d4e6327d79fd11192282459179cc69e/6/2/6224008559078_1.png,Hawa Vermicelli - 400g,,https://www.hyperone.com.eg/en/400-6224008559078,Salted Grocery,2026-06-09T14:22:11.077411+00:00,"{""uid"": ""MjMzMDI3""}"
hyperone,63866,6224008559030,Hawa Small Rings Pasta - 400g,15.25,EGP,https://mcprod.hyperone.com.eg/media/catalog/product/cache/8d4e6327d79fd11192282459179cc69e/6/2/6224008559030_400g_small-rings.jpg,Hawa Small Rings Pasta - 400g,,https://www.hyperone.com.eg/en/400-6224008559030,Salted Grocery,2026-06-09T14:22:11.077487+00:00,"{""uid"": ""NjM4NjY=""}"
hyperone,63860,6224008559016,Hawa Penne Pasta - 400g,15.25,EGP,https://mcprod.hyperone.com.eg/media/catalog/product/cache/8d4e6327d79fd11192282459179cc69e/6/2/6224008559016_400g_penne.jpg,Hawa Penne Pasta - 400g,,https://www.hyperone.com.eg/en/400-6224008559016,Salted Grocery,2026-06-09T14:22:11.077556+00:00,"{""uid"": ""NjM4NjA=""}"
hyperone,63863,6224008559023,Hawa Rings Pasta - 400g,15.25,EGP,https://mcprod.hyperone.com.eg/media/catalog/product/cache/8d4e6327d79fd11192282459179cc69e/6/2/6224008559023_400g_rings.jpg,Hawa Rings Pasta - 400g,,https://www.hyperone.com.eg/en/400-6224008559023,Salted Grocery,2026-06-09T14:22:11.077626+00:00,"{""uid"": ""NjM4NjM=""}"
hyperone,63869,6224008559047,Hawa Fusilli Pasta - 400g,15.25,EGP,https://mcprod.hyperone.com.eg/media/catalog/product/cache/8d4e6327d79fd11192282459179cc69e/6/2/6224008559047_400g_pasta-fuslli-final-gold-copy-1.jpg,Hawa Fusilli Pasta - 400g,,https://www.hyperone.com.eg/en/400-6224008559047,Salted Grocery,2026-06-09T14:22:11.077699+00:00,"{""uid"": ""NjM4Njk=""}"
hyperone,63887,6224008559450,Hawa Shells Pasta - 400g,15.25,EGP,https://mcprod.hyperone.com.eg/media/catalog/product/cache/8d4e6327d79fd11192282459179cc69e/6/2/6224008559450_400g_pasta-shells-final-gold-copy-1.jpg,Hawa Shells Pasta - 400g,,https://www.hyperone.com.eg/en/400-6224008559450,Salted Grocery,2026-06-09T14:22:11.077767+00:00,"{""uid"": ""NjM4ODc=""}"
hyperone,63881,6224008559085,Hawa Elbows Pasta - 400g,15.25,EGP,https://mcprod.hyperone.com.eg/media/catalog/product/cache/8d4e6327d79fd11192282459179cc69e/6/2/6224008559085_400g_elbows.jpg,Hawa Elbows Pasta - 400g,,https://www.hyperone.com.eg/en/400-6224008559085,Salted Grocery,2026-06-09T14:22:11.078224+00:00,"{""uid"": ""NjM4ODE=""}"
hyperone,9257,6224008559504,Hawaa Small Rings Pasta - 1k,35.75,EGP,https://mcprod.hyperone.com.eg/media/catalog/product/cache/8d4e6327d79fd11192282459179cc69e/6/2/6224008559504-7.png,Hawaa Small Rings Pasta - 1k,,https://www.hyperone.com.eg/en/1-6224008559504,Salted Grocery,2026-06-09T14:22:11.078334+00:00,"{""uid"": ""OTI1Nw==""}"
hyperone,9251,6224008559481,Hawaa Penne Pasta -1k,35.75,EGP,https://mcprod.hyperone.com.eg/media/catalog/product/cache/8d4e6327d79fd11192282459179cc69e/6/2/6224008559481-7.png,Hawaa Penne Pasta 1 kg,,https://www.hyperone.com.eg/en/1-6224008559481,Salted Grocery,2026-06-09T14:22:11.078432+00:00,"{""uid"": ""OTI1MQ==""}"
hyperone,9260,6224008559511,Hawaa Elbow Pasta -1k,35.75,EGP,https://mcprod.hyperone.com.eg/media/catalog/product/cache/8d4e6327d79fd11192282459179cc69e/6/2/6224008559511.1k----2024.jpg,Hawaa Elbow Pasta 1 kg,,https://www.hyperone.com.eg/en/1-6224008559511,Salted Grocery,2026-06-09T14:22:11.078522+00:00,"{""uid"": ""OTI2MA==""}"
hyperone,9254,6224008559498,Hawaa Big Rings Pasta -1k,35.75,EGP,https://mcprod.hyperone.com.eg/media/catalog/product/cache/8d4e6327d79fd11192282459179cc69e/6/2/6224008559498-7.png,Hawaa Big Rings Pasta 1 kg,,https://www.hyperone.com.eg/en/1-6224008559498,Salted Grocery,2026-06-09T14:22:11.078612+00:00,"{""uid"": ""OTI1NA==""}"
hyperone,63890,6224008559665,Hawa Fettuccine Pasta - 400g,15.25,EGP,https://mcprod.hyperone.com.eg/media/catalog/product/cache/8d4e6327d79fd11192282459179cc69e/6/2/6224008559665_400g.jpg,Hawa Fettuccine Pasta - 400g,,https://www.hyperone.com.eg/en/400-6224008559665,Salted Grocery,2026-06-09T14:22:11.078680+00:00,"{""uid"": ""NjM4OTA=""}"
hyperone,63884,6224008559092,Hawa Spaghetti Pasta - 400g,15.25,EGP,https://mcprod.hyperone.com.eg/media/catalog/product/cache/8d4e6327d79fd11192282459179cc69e/6/2/6224008559092_400g_esbagety.jpg,Hawa Spaghetti Pasta - 400g,,https://www.hyperone.com.eg/en/400-6224008559092,Salted Grocery,2026-06-09T14:22:11.078745+00:00,"{""uid"": ""NjM4ODQ=""}"
hyperone,9263,6224008559535,Hawaa Spaghetti Pasta -1k,35.75,EGP,https://mcprod.hyperone.com.eg/media/catalog/product/cache/8d4e6327d79fd11192282459179cc69e/6/2/6224008559535-7.png,Hawaa Spaghetti Pasta 1 k,,https://www.hyperone.com.eg/en/1-6224008559535,Salted Grocery,2026-06-09T14:22:11.078838+00:00,"{""uid"": ""OTI2Mw==""}"
hyperone,18575,6224008141860,Top Value Small Rings Pasta - 1K,32.95,EGP,https://mcprod.hyperone.com.eg/media/catalog/product/cache/8d4e6327d79fd11192282459179cc69e/6/2/6224008141860ss.jpg,Top Value Small Rings Pasta - 1K,,https://www.hyperone.com.eg/en/1-6224008141860,Salted Grocery,2026-06-09T14:22:11.078931+00:00,"{""uid"": ""MTg1NzU=""}"
hyperone,69614,6223001510772,Italiano Linguini Pasta - 400g,26.995201,EGP,https://mcprod.hyperone.com.eg/media/catalog/product/cache/8d4e6327d79fd11192282459179cc69e/6/2/6223001510772-400g.jpg,Italiano Linguini Pasta - 400g,,https://www.hyperone.com.eg/en/400-6223001510772,Salted Grocery,2026-06-09T14:22:11.079003+00:00,"{""uid"": ""Njk2MTQ=""}"
hyperone,232217,6223001510000,Italiano Spaghetti Pasta - 400g,26.995201,EGP,https://mcprod.hyperone.com.eg/media/catalog/product/cache/8d4e6327d79fd11192282459179cc69e/6/2/6223001510000-.png,Italiano Spaghetti Pasta - 400g,,https://www.hyperone.com.eg/en/400-6223001510000,Salted Grocery,2026-06-09T14:22:11.079076+00:00,"{""uid"": ""MjMyMjE3""}"
hyperone,69632,6223001510833,Italiano Big Rings Pasta - 400g,26.995201,EGP,https://mcprod.hyperone.com.eg/media/catalog/product/cache/8d4e6327d79fd11192282459179cc69e/6/2/6223001510833-400g.jpg,Italiano Big Rings Pasta - 400g,,https://www.hyperone.com.eg/en/400-6223001510833,Salted Grocery,2026-06-09T14:22:11.079148+00:00,"{""uid"": ""Njk2MzI=""}"
hyperone,69608,6223001510468,Italiano Risoni Pasta - 400g,26.995201,EGP,https://mcprod.hyperone.com.eg/media/catalog/product/cache/8d4e6327d79fd11192282459179cc69e/6/2/6223001510468-400g-.jpg,Italiano Risoni Pasta - 400g,,https://www.hyperone.com.eg/en/400-6223001510468,Salted Grocery,2026-06-09T14:22:11.079213+00:00,"{""uid"": ""Njk2MDg=""}"
hyperone,69605,6223001510314,Italiano Penne Pasta - 400g,26.995201,EGP,https://mcprod.hyperone.com.eg/media/catalog/product/cache/8d4e6327d79fd11192282459179cc69e/6/2/6223001510314-400g_1.jpg,Italiano Penne Pasta - 400g,,https://www.hyperone.com.eg/en/400-6223001510314,Salted Grocery,2026-06-09T14:22:11.079278+00:00,"{""uid"": ""Njk2MDU=""}"
hyperone,69623,6223001510802,Italiano Shells Pasta - 400g,26.995201,EGP,https://mcprod.hyperone.com.eg/media/catalog/product/cache/8d4e6327d79fd11192282459179cc69e/6/2/6223001510802-400g.jpg,Italiano Shells Pasta - 400g,,https://www.hyperone.com.eg/en/400-6223001510802,Salted Grocery,2026-06-09T14:22:11.079342+00:00,"{""uid"": ""Njk2MjM=""}"
hyperone,69626,6223001510819,Italiano Fusilli Pasta - 400g,26.995201,EGP,https://mcprod.hyperone.com.eg/media/catalog/product/cache/8d4e6327d79fd11192282459179cc69e/6/2/6223001510819-400gg.jpg,Italiano Fusilli Pasta - 400g,,https://www.hyperone.com.eg/en/400-6223001510819,Salted Grocery,2026-06-09T14:22:11.079406+00:00,"{""uid"": ""Njk2MjY=""}"
hyperone,69635,6223001510840,Italiano Vermicelli Pasta - 400g,26.995201,EGP,https://mcprod.hyperone.com.eg/media/catalog/product/cache/8d4e6327d79fd11192282459179cc69e/6/2/6223001510840-400g.jpg,Italiano Vermicelli Pasta - 400g,,https://www.hyperone.com.eg/en/400-6223001510840,Salted Grocery,2026-06-09T14:22:11.079467+00:00,"{""uid"": ""Njk2MzU=""}"
hyperone,69602,6223001510109,Italiano Small Rings Pasta - 400g,26.995201,EGP,https://mcprod.hyperone.com.eg/media/catalog/product/cache/8d4e6327d79fd11192282459179cc69e/6/2/6223001510109.jpg,Italiano Small Rings Pasta - 400g,,https://www.hyperone.com.eg/en/400-6223001510109,Salted Grocery,2026-06-09T14:22:11.079534+00:00,"{""uid"": ""Njk2MDI=""}"
hyperone,69629,6223001510826,Italiano Serpentini Pasta - 400g,26.995201,EGP,https://mcprod.hyperone.com.eg/media/catalog/product/cache/8d4e6327d79fd11192282459179cc69e/6/2/6223001510826-400g-1.jpg,Italiano Serpentini Pasta - 400g,,https://www.hyperone.com.eg/en/400-serpentini-6223001510826,Salted Grocery,2026-06-09T14:22:11.079597+00:00,"{""uid"": ""Njk2Mjk=""}"
hyperone,69617,6223001510789,Italiano Ziti Pasta - 400g,26.995201,EGP,https://mcprod.hyperone.com.eg/media/catalog/product/cache/8d4e6327d79fd11192282459179cc69e/6/2/6223001510789-400g-1.jpg,Italiano Ziti Pasta - 400g,,https://www.hyperone.com.eg/en/400-6223001510789,Salted Grocery,2026-06-09T14:22:11.079661+00:00,"{""uid"": ""Njk2MTc=""}"
hyperone,87593,6223001513902,Italiano Penne Pasta - 1K,56.498401,EGP,https://mcprod.hyperone.com.eg/media/catalog/product/cache/8d4e6327d79fd11192282459179cc69e/6/2/6223001513902-1k.jpg,Italiano Penne Pasta - 1K,,https://www.hyperone.com.eg/en/1-6223001513902,Salted Grocery,2026-06-09T14:22:11.079723+00:00,"{""uid"": ""ODc1OTM=""}"
hyperone,87596,6223001513919,Italiano Small Rings Pasta - 1K,56.498401,EGP,https://mcprod.hyperone.com.eg/media/catalog/product/cache/8d4e6327d79fd11192282459179cc69e/6/2/6223001513919__1k.jpg,Italiano Small Rings Pasta - 1K,,https://www.hyperone.com.eg/en/1-6223001513919,Salted Grocery,2026-06-09T14:22:11.079792+00:00,"{""uid"": ""ODc1OTY=""}"
hyperone,69734,6223001513940,Italiano Big Rings Pasta - 1K,56.498401,EGP,https://mcprod.hyperone.com.eg/media/catalog/product/cache/8d4e6327d79fd11192282459179cc69e/6/2/6223001513940_-1k.jpg,Italiano Big Rings Pasta - 1K,,https://www.hyperone.com.eg/en/1-6223001513940,Salted Grocery,2026-06-09T14:22:11.079858+00:00,"{""uid"": ""Njk3MzQ=""}"
hyperone,69731,6223001513926,Italiano Vermicelli - 1K,56.498401,EGP,https://mcprod.hyperone.com.eg/media/catalog/product/cache/8d4e6327d79fd11192282459179cc69e/6/2/6223001513926_-1k.jpg,Italiano Vermicelli - 1K,,https://www.hyperone.com.eg/en/1-6223001513926,Salted Grocery,2026-06-09T14:22:11.079929+00:00,"{""uid"": ""Njk3MzE=""}"
hyperone,7481,6223001513421,Italiano Large Shells Pasta - 250g,43.000801,EGP,https://mcprod.hyperone.com.eg/media/catalog/product/cache/8d4e6327d79fd11192282459179cc69e/6/2/6223001513421-1.png,Italiano Large Shells Pasta - 250g,,https://www.hyperone.com.eg/en/250-6223001513421,Salted Grocery,2026-06-09T14:22:12.689427+00:00,"{""uid"": ""NzQ4MQ==""}"
hyperone,69728,6223001513445,Italiano Premium Range Lasagna - 400g,44.995801,EGP,https://mcprod.hyperone.com.eg/media/catalog/product/cache/8d4e6327d79fd11192282459179cc69e/6/2/6223001513445-400g-n23-.jpg,Italiano Premium Range Lasagna - 400g,,https://www.hyperone.com.eg/en/400-6223001513445,Salted Grocery,2026-06-09T14:22:12.689623+00:00,"{""uid"": ""Njk3Mjg=""}"
hyperone,211127,6224010968226,Lametna Vermicelli Pasta - 1k,26.95,EGP,https://mcprod.hyperone.com.eg/media/catalog/product/cache/8d4e6327d79fd11192282459179cc69e/6/2/6224010968226-1kg.jpg,,,https://www.hyperone.com.eg/en/1-6224010968226,Salted Grocery,2026-06-09T14:22:12.689656+00:00,"{""uid"": ""MjExMTI3""}"
hyperone,211121,6224010968202,Lametna Small Rings Pasta - 1k,26.95,EGP,https://mcprod.hyperone.com.eg/media/catalog/product/cache/8d4e6327d79fd11192282459179cc69e/6/2/6224010968202-1kg.jpg,Lametna Small Rings Pasta - 1k,,https://www.hyperone.com.eg/en/1-6224010968202,Salted Grocery,2026-06-09T14:22:12.689795+00:00,"{""uid"": ""MjExMTIx""}"
hyperone,211115,6224010968189,Lametna Penne Pasta - 1k,26.95,EGP,https://mcprod.hyperone.com.eg/media/catalog/product/cache/8d4e6327d79fd11192282459179cc69e/6/2/6224010968189-1kg.jpg,Lametna Penne Pasta - 1k,,https://www.hyperone.com.eg/en/1-6224010968189,Salted Grocery,2026-06-09T14:22:12.689931+00:00,"{""uid"": ""MjExMTE1""}"
hyperone,211124,6224010968219,Lametna Elbow Pasta - 1kg,26.95,EGP,https://mcprod.hyperone.com.eg/media/catalog/product/cache/8d4e6327d79fd11192282459179cc69e/6/2/6224010968219-1kg.jpg,Lametna Elbow Pasta - 1kg,,https://www.hyperone.com.eg/en/1-6224010968219,Salted Grocery,2026-06-09T14:22:12.690064+00:00,"{""uid"": ""MjExMTI0""}"
hyperone,211118,6224010968196,Lametna Rings Pasta - 1k,26.95,EGP,https://mcprod.hyperone.com.eg/media/catalog/product/cache/8d4e6327d79fd11192282459179cc69e/6/2/6224010968196-1kg.jpg,Lametna Rings Pasta - 1k,,https://www.hyperone.com.eg/en/1-6224010968196,Salted Grocery,2026-06-09T14:22:12.690191+00:00,"{""uid"": ""MjExMTE4""}"
hyperone,211112,6224010968172,Lametna Spaghetti Pasta - 1K,26.95,EGP,https://mcprod.hyperone.com.eg/media/catalog/product/cache/8d4e6327d79fd11192282459179cc69e/6/2/6224010968172-1kg.jpg,Lametna Spaghetti Pasta - 1K,,https://www.hyperone.com.eg/en/1-6224010968172,Salted Grocery,2026-06-09T14:22:12.690323+00:00,"{""uid"": ""MjExMTEy""}"
hyperone,69710,6223001512479,El Maleka Small Rings Pasta - 400g,15,EGP,https://mcprod.hyperone.com.eg/media/catalog/product/cache/8d4e6327d79fd11192282459179cc69e/6/2/6223001512479_---_400g.jpg,El Maleka Small Rings Pasta - 400g,,https://www.hyperone.com.eg/en/400-6223001512479,Salted Grocery,2026-06-09T14:22:12.690450+00:00,"{""uid"": ""Njk3MTA=""}"
hyperone,69704,6223001512301,El Maleka Risoni - 400g,15,EGP,https://mcprod.hyperone.com.eg/media/catalog/product/cache/8d4e6327d79fd11192282459179cc69e/6/2/6223001512301_---_400g.jpg,El Maleka Risoni - 400g,,https://www.hyperone.com.eg/en/400-6223001512301,Salted Grocery,2026-06-09T14:22:12.690587+00:00,"{""uid"": ""Njk3MDQ=""}"
hyperone,69716,6223001512509,El Maleka Penne Pasta - 400g,15,EGP,https://mcprod.hyperone.com.eg/media/catalog/product/cache/8d4e6327d79fd11192282459179cc69e/6/2/6223001512509_-400g.jpg,El Maleka Penne Pasta - 400g,,https://www.hyperone.com.eg/en/400-6223001512509,Salted Grocery,2026-06-09T14:22:12.690710+00:00,"{""uid"": ""Njk3MTY=""}"
hyperone,69611,6223001510659,El Maleka Elbow Pasta - 400g,15,EGP,https://mcprod.hyperone.com.eg/media/catalog/product/cache/8d4e6327d79fd11192282459179cc69e/6/2/6223001510659-400g-n23-.jpg,El Maleka Elbow Pasta - 400g,,https://www.hyperone.com.eg/en/400-6223001510659,Salted Grocery,2026-06-09T14:22:12.690827+00:00,"{""uid"": ""Njk2MTE=""}"
hyperone,69689,6223001512158,El Maleka Big Rings Pasta - 400g,15,EGP,https://mcprod.hyperone.com.eg/media/catalog/product/cache/8d4e6327d79fd11192282459179cc69e/6/2/6223001512158_-_400g.jpg,El Maleka Big Rings Pasta - 400g,,https://www.hyperone.com.eg/en/400-6223001512158,Salted Grocery,2026-06-09T14:22:12.690948+00:00,"{""uid"": ""Njk2ODk=""}"
hyperone,69695,6223001512257,El Maleka Vermicelli - 400g,15,EGP,https://mcprod.hyperone.com.eg/media/catalog/product/cache/8d4e6327d79fd11192282459179cc69e/6/2/6223001512257g400n23_1.jpg,El Maleka Vermicelli - 400g,,https://www.hyperone.com.eg/en/400-6223001512257,Salted Grocery,2026-06-09T14:22:12.691071+00:00,"{""uid"": ""Njk2OTU=""}"
hyperone,69722,6223001513339,El Maleka Lasagna - 400g,30,EGP,https://mcprod.hyperone.com.eg/media/catalog/product/cache/8d4e6327d79fd11192282459179cc69e/6/2/6223001513339-400g-n23--.jpg,El Maleka Lasagna - 400g,,https://www.hyperone.com.eg/en/400-6223001513339,Salted Grocery,2026-06-09T14:22:12.691188+00:00,"{""uid"": ""Njk3MjI=""}"
hyperone,69719,6223001512530,El Maleka Spaghetti Pasta - 400g,15,EGP,https://mcprod.hyperone.com.eg/media/catalog/product/cache/8d4e6327d79fd11192282459179cc69e/6/2/6223001512530----_400g.jpg,El Maleka Spaghetti Pasta - 400g,,https://www.hyperone.com.eg/en/400-6223001512530,Salted Grocery,2026-06-09T14:22:12.691327+00:00,"{""uid"": ""Njk3MTk=""}"
hyperone,7469,6223001510499,El Maleka Spaghetti Pasta - 1K,35,EGP,https://mcprod.hyperone.com.eg/media/catalog/product/cache/8d4e6327d79fd11192282459179cc69e/6/2/6223001510499.2.jpg,El Maleka Spaghetti Pasta - 1K,,https://www.hyperone.com.eg/en/1-6223001510499,Salted Grocery,2026-06-09T14:22:12.691521+00:00,"{""uid"": ""NzQ2OQ==""}"
hyperone,7478,6223001512677,El Maleka Elbow Pasta - 1K,35,EGP,https://mcprod.hyperone.com.eg/media/catalog/product/cache/8d4e6327d79fd11192282459179cc69e/6/2/6223001512677_1k_.png,Fine wheat pasta Maintains its texture after boiling,,https://www.hyperone.com.eg/en/1-6223001512677,Salted Grocery,2026-06-09T14:22:12.691700+00:00,"{""uid"": ""NzQ3OA==""}"
hyperone,7472,6223001512578,El Maleka Big Rings Pasta - 1k,35,EGP,https://mcprod.hyperone.com.eg/media/catalog/product/cache/8d4e6327d79fd11192282459179cc69e/6/2/6223001512578_1k_nn_.png,Fine wheat pasta Maintains its texture after boiling,,https://www.hyperone.com.eg/en/1-6223001512578,Salted Grocery,2026-06-09T14:22:12.693897+00:00,"{""uid"": ""NzQ3Mg==""}"
hyperone,183995,6223001510031,El Maleka Small Rings Pasta - 1K,35,EGP,https://mcprod.hyperone.com.eg/media/catalog/product/cache/8d4e6327d79fd11192282459179cc69e/6/2/6223001510031-1k-n23.jpg,El Maleka Small Rings Pasta 1K,,https://www.hyperone.com.eg/en/1-6223001510031,Salted Grocery,2026-06-09T14:22:12.694069+00:00,"{""uid"": ""MTgzOTk1""}"
hyperone,7466,6223001510451,El Maleka Vermicelli - 1K,35,EGP,https://mcprod.hyperone.com.eg/media/catalog/product/cache/8d4e6327d79fd11192282459179cc69e/6/2/6223001510451_-----_400g.jpg,Fine wheat pasta Maintains its texture after boiling,,https://www.hyperone.com.eg/en/1-6223001510451,Salted Grocery,2026-06-09T14:22:12.694223+00:00,"{""uid"": ""NzQ2Ng==""}"
hyperone,7475,6223001512653,El Maleka Penne Pasta - 1k,35,EGP,https://mcprod.hyperone.com.eg/media/catalog/product/cache/8d4e6327d79fd11192282459179cc69e/6/2/6223001512653_1k.png,Fine wheat pasta Maintains its texture after boiling,,https://www.hyperone.com.eg/en/1-6223001512653,Salted Grocery,2026-06-09T14:22:12.694398+00:00,"{""uid"": ""NzQ3NQ==""}"
hyperone,67979,6221022110216,Regina Linguine Pasta - 400g,27.496801,EGP,https://mcprod.hyperone.com.eg/media/catalog/product/cache/8d4e6327d79fd11192282459179cc69e/6/2/6221022110216s40g.jpg,Regina Linguine Pasta - 400g,,https://www.hyperone.com.eg/en/400-6221022110216,Salted Grocery,2026-06-09T14:22:12.694503+00:00,"{""uid"": ""Njc5Nzk=""}"
hyperone,67976,6221022110025,Regina Spaghetti Pasta - 400g,27.496801,EGP,https://mcprod.hyperone.com.eg/media/catalog/product/cache/8d4e6327d79fd11192282459179cc69e/6/2/6221022110025_-400g.jpg,"Spaghetti With Meatballs recipe: Ingredients ( Servings 5) Pasta Regina Spaghetti Ground Beef Bread Crumbs Parmesan Cheese Fresh Parsley Onion Garlic Egg Milk Tomato Sauce Crushed Tomatoes Dried Oregano Dried Basil Salt Black Pepper Olive Oil Instructions: In a large mixing bowl, combine ground beef, bread crumbs, grated Parmesan cheese, chopped parsley, finely chopped onion, minced garlic, egg, milk, salt, and pepper. Shape the mixture into meatballs of your desired size. Place them on a baking sheet lined with parchment paper. Preheat your oven to 190°C and bake the meatballs until they are browned. In a large skillet, heat olive oil over medium heat, add tomato sauce, crushed tomatoes, dried oregano, dried basil, salt, and pepper and stir. Add the baked meatballs to the skillet with the tomato sauce Garnish with additional grated Parmesan cheese and chopped parsley.",,https://www.hyperone.com.eg/en/400-6221022110025,Salted Grocery,2026-06-09T14:22:12.695216+00:00,"{""uid"": ""Njc5NzY=""}"
hyperone,67997,6221022110452,Regina Penne Pasta - 400g,27.496801,EGP,https://mcprod.hyperone.com.eg/media/catalog/product/cache/8d4e6327d79fd11192282459179cc69e/7/1/71qcopykies._ac_sl1500_.jpg,Regina Penne Pasta - 400g,,https://www.hyperone.com.eg/en/400-6221022110452,Salted Grocery,2026-06-09T14:22:12.695323+00:00,"{""uid"": ""Njc5OTc=""}"
hyperone,67982,6221022110285,Regina Vermicelli - 400g,27.496801,EGP,https://mcprod.hyperone.com.eg/media/catalog/product/cache/8d4e6327d79fd11192282459179cc69e/6/2/6221022110285_400g.jpg,Regina vermicelli is made from durum wheat semolina.,,https://www.hyperone.com.eg/en/400-6221022110285,Salted Grocery,2026-06-09T14:22:12.695423+00:00,"{""uid"": ""Njc5ODI=""}"
hyperone,68003,6221022110520,Regina Shells Pasta - 400g,27.496801,EGP,https://mcprod.hyperone.com.eg/media/catalog/product/cache/8d4e6327d79fd11192282459179cc69e/6/2/6221022110520_400g.jpg,Regina pasta is made from durum wheat semolina.,,https://www.hyperone.com.eg/en/400-6221022110520,Salted Grocery,2026-06-09T14:22:12.695532+00:00,"{""uid"": ""NjgwMDM=""}"
hyperone,67988,6221022110360,Reggina Alphabets & Numbers Pasta - 400g,27.496801,EGP,https://mcprod.hyperone.com.eg/media/catalog/product/cache/8d4e6327d79fd11192282459179cc69e/6/2/6221022110360.jpg,Reggina Alphabets & Numbers Pasta - 400g,,https://www.hyperone.com.eg/en/400-6221022110360,Salted Grocery,2026-06-09T14:22:12.695645+00:00,"{""uid"": ""Njc5ODg=""}"
hyperone,67991,6221022110414,Regina Macaroni Pasta - 400g,27.496801,EGP,https://mcprod.hyperone.com.eg/media/catalog/product/cache/8d4e6327d79fd11192282459179cc69e/6/2/6221022110414a400gg.jpg,Regina Macaroni Pasta - 400g,,https://www.hyperone.com.eg/en/400-6221022110414,Salted Grocery,2026-06-09T14:22:12.695746+00:00,"{""uid"": ""Njc5OTE=""}"
